"segmentid","wktgeom","boro","street"
"44","POINT (914734.9916698899 120903.10647429322)","Staten Island","MOON AVENUE"
"44","POINT (914737.4533262146 120891.38338679342)","Staten Island","MOON AVENUE"
"44","POINT (914738.0543146027 120888.521314054)","Staten Island","MOON AVENUE"
"56","POINT (914830.1623266353 121043.36039048916)","Staten Island","NICHOLS COURT"
"138","POINT (914896.5473961447 120797.71982173693)","Staten Island","BILLOP AVENUE"
"138","POINT (914903.3172062372 120799.32750781681)","Staten Island","BILLOP AVENUE"
"1416","POINT (923601.1548392172 133664.96841775288)","Staten Island","BLOOMINGDALE ROAD"
"1882","POINT (927233.592896805 134791.05048633687)","Staten Island","RAMONA AVENUE"
"1883","POINT (927223.2873057978 134931.00121601624)","Staten Island","FOSTER ROAD"
"1883","POINT (927252.5206620629 134850.57917013843)","Staten Island","FOSTER ROAD"
"1885","POINT (927278.8629769415 134777.76542942703)","Staten Island","FOSTER ROAD"
"1902","POINT (927314.8290425908 134820.2110066328)","Staten Island","RAMONA AVENUE"
"2367","POINT (928568.848704675 142013.15254589976)","Staten Island","ARTHUR KILL ROAD"
"2369","POINT (928741.7025434177 142227.44167985336)","Staten Island","ARTHUR KILL ROAD"
"2760","POINT (930724.5389062776 138342.06282096513)","Staten Island","WOODROW ROAD"
"2906","POINT (932362.0192752747 130164.39945192935)","Staten Island","HYLAN BOULEVARD"
"2933","POINT (932311.8219974237 133848.62149314483)","Staten Island","AMBOY ROAD"
"2984","POINT (932332.6105523069 136286.8410761164)","Staten Island","DRUMGOOLE ROAD WEST"
"3017","POINT (932905.5390720044 139237.77454355333)","Staten Island","ARDEN AVENUE"
"3061","POINT (933202.8387888488 135766.59806542154)","Staten Island","ALBEE AVENUE"
"3720","POINT (937972.9581048808 136597.5532008747)","Staten Island","AMBOY ROAD"
"3805","POINT (939159.1940156607 132053.4711509551)","Staten Island","HYLAN BOULEVARD"
"4237","POINT (935080.8666103003 143342.32196290346)","Staten Island","ANNADALE ROAD"
"4297","POINT (935858.4554028186 142009.10361440026)","Staten Island","BARLOW AVENUE"
"4329","POINT (936213.5522197892 144072.8104340095)","Staten Island","ARTHUR KILL ROAD"
"4340","POINT (935883.086379282 144261.82505296214)","Staten Island","ARTHUR KILL ROAD"
"4396","POINT (937062.7274431635 143591.44093374233)","Staten Island","RICHMOND AVENUE"
"4405","POINT (937461.7848626521 143632.30822855237)","Staten Island","ARTHUR KILL ROAD"
"4406","POINT (937891.1895863574 143429.5490841602)","Staten Island","GETZ AVENUE"
"4437","POINT (938450.437452031 141643.0946697074)","Staten Island","RIDGEWOOD AVENUE"
"4451","POINT (938402.8736355717 141753.2237361083)","Staten Island","SWEETBROOK ROAD"
"4454","POINT (938418.6819444307 141830.80264955302)","Staten Island","RIDGEWOOD AVENUE"
"4456","POINT (938483.740256923 141693.93897817994)","Staten Island","LEVERETT AVENUE"
"4471","POINT (937945.6388682708 143500.19896266726)","Staten Island","ARTHUR KILL ROAD"
"4477","POINT (938436.6273747078 143282.88812524747)","Staten Island","CORTELYOU AVENUE"
"4544","POINT (939074.0665924946 143482.37042346792)","Staten Island","ARMSTRONG AVENUE"
"4546","POINT (939170.9775056968 143698.7726073547)","Staten Island","ARTHUR KILL ROAD"
"4832","POINT (936578.7866074998 159569.1591160909)","Staten Island","VICTORY BOULEVARD"
"4876","POINT (937069.2027142261 159863.12009179947)","Staten Island","VICTORY BOULEVARD"
"5276","POINT (937131.0654711133 159904.77818128082)","Staten Island","VICTORY BOULEVARD"
"5276","POINT (937465.4551820392 160120.9445666923)","Staten Island","VICTORY BOULEVARD"
"5278","POINT (937499.976974722 160191.87500641195)","Staten Island","SPEEDWELL AVENUE"
"5286","POINT (937559.3478306197 160164.36193510395)","Staten Island","VICTORY BOULEVARD"
"6509","POINT (941024.3355348512 144476.08779026277)","Staten Island","GIFFORDS LANE"
"6527","POINT (941035.9520450234 144896.2192398116)","Staten Island","ARTHUR KILL ROAD"
"6644","POINT (942998.105289772 149212.24676993783)","Staten Island","RICHMOND HILL ROAD"
"6743","POINT (942939.5083796913 147073.3358579487)","Staten Island","ARTHUR KILL ROAD"
"6743","POINT (943118.317675131 147258.14798081774)","Staten Island","ARTHUR KILL ROAD"
"6745","POINT (943197.6769601563 147343.46660646173)","Staten Island","ARTHUR KILL ROAD"
"6745","POINT (943255.3052325788 147408.119563951)","Staten Island","ARTHUR KILL ROAD"
"6747","POINT (943368.9248686255 147577.82778331)","Staten Island","ARTHUR KILL ROAD"
"6754","POINT (943559.0463403459 147683.80500159322)","Staten Island","RICHMOND ROAD"
"6882","POINT (945176.3988581416 141128.15310325776)","Staten Island","AMBOY ROAD"
"6883","POINT (945233.9199944659 141119.85908436985)","Staten Island","AINSWORTH AVENUE"
"6886","POINT (945220.6476324863 141254.94338440656)","Staten Island","AMBOY ROAD"
"6896","POINT (945245.1715691262 141229.06049303105)","Staten Island","SOUTH RAILROAD AVENUE"
"7431","POINT (948528.8443717628 148759.06109960284)","Staten Island","RICHMOND ROAD"
"7886","POINT (943958.4835438603 159602.01315456274)","Staten Island","WILLOWBROOK ROAD"
"8119","POINT (947738.9091698257 159050.54525293017)","Staten Island","BRADLEY AVENUE"
"8135","POINT (948076.8456813714 151534.68295461306)","Staten Island","ROCKLAND AVENUE"
"8152","POINT (948815.1067080908 157308.8084505805)","Staten Island","BRIELLE AVENUE"
"8152","POINT (948890.7641152436 157297.47130614222)","Staten Island","BRIELLE AVENUE"
"8153","POINT (948933.1665438017 157360.85409181446)","Staten Island","SUFFOLK AVENUE"
"8207","POINT (948980.8329037073 157283.9287758747)","Staten Island","BRIELLE AVENUE"
"8288","POINT (940006.3834342742 162337.6840427401)","Staten Island","RICHMOND AVENUE"
"8494","POINT (941850.889703139 167221.75362372893)","Staten Island","FOREST AVENUE"
"9129","POINT (945919.9493707914 167939.89968855606)","Staten Island","DECKER AVENUE"
"9147","POINT (945931.5221228257 168033.36843615072)","Staten Island","BEEKMAN STREET"
"9316","POINT (946026.0226487574 168041.9883568929)","Staten Island","DECKER AVENUE"
"9661","POINT (948780.1591295322 169247.49015029264)","Staten Island","POST AVENUE"
"9695","POINT (949759.4495235847 162625.58831108728)","Staten Island","VICTORY BOULEVARD"
"9788","POINT (949685.51134562 167798.88361659026)","Staten Island","FOREST AVENUE"
"9889","POINT (942513.5550671407 171380.48113573936)","Staten Island","LAKE AVENUE"
"9890","POINT (942483.9857992358 171405.49346194442)","Staten Island","RICHMOND TERRACE"
"9891","POINT (942546.7415951447 171415.35753744122)","Staten Island","RICHMOND TERRACE"
"9896","POINT (942668.0589509147 171441.21296926)","Staten Island","RICHMOND TERRACE"
"10164","POINT (948655.2280676151 171492.42982782752)","Staten Island","RICHMOND TERRACE"
"10188","POINT (948926.3427836299 170198.0420171921)","Staten Island","CASTLETON AVENUE"
"10198","POINT (949105.8288456435 171123.7079281745)","Staten Island","CLOVE ROAD"
"11273","POINT (950729.6050540142 159177.9262022168)","Staten Island","MANOR ROAD"
"11776","POINT (956198.6051871425 154252.7146943413)","Staten Island","RICHMOND ROAD"
"12215","POINT (958923.1204914645 159211.84054921923)","Staten Island","TARGEE STREET"
"12433","POINT (950975.2403153388 167492.01868655666)","Staten Island","CLOVE ROAD"
"12547","POINT (951614.419826526 166719.12076955326)","Staten Island","MARTLING AVENUE"
"12553","POINT (951439.5978031028 167163.22132838753)","Staten Island","WEST RALEIGH AVENUE"
"12620","POINT (952504.0277159475 162893.9037568315)","Staten Island","VICTORY BOULEVARD"
"12635","POINT (952551.8369531906 162962.03741169814)","Staten Island","ROYAL OAK ROAD"
"12644","POINT (952652.0057781557 166373.9286333982)","Staten Island","CLOVE ROAD"
"12806","POINT (955205.305783031 161485.08935376583)","Staten Island","MILFORD DRIVE"
"12829","POINT (953954.5444228465 163209.54040508773)","Staten Island","VICTORY BOULEVARD"
"12832","POINT (954149.1047646371 163265.3921083876)","Staten Island","VICTORY BOULEVARD"
"12944","POINT (955734.7123526465 161528.2086814262)","Staten Island","MILFORD DRIVE"
"12944","POINT (955915.8100246282 161545.36256647678)","Staten Island","MILFORD DRIVE"
"13095","POINT (956112.8141834734 161561.8850841955)","Staten Island","MILFORD DRIVE"
"13120","POINT (956822.0066859857 161873.40624704317)","Staten Island","NARROWS ROAD NORTH"
"13132","POINT (956610.9727544811 162481.24344456618)","Staten Island","CLOVE ROAD"
"13133","POINT (956716.3231473995 162330.81065557542)","Staten Island","CLOVE ROAD"
"13134","POINT (956583.0473474483 162372.55271502314)","Staten Island","TIOGA STREET"
"13240","POINT (956741.6016951116 162442.56743965874)","Staten Island","HOWARD AVENUE"
"13767","POINT (955740.0168663434 170520.21410367746)","Staten Island","CASTLETON AVENUE"
"13768","POINT (955783.8654017019 170577.45779363217)","Staten Island","CONYINGHAM AVENUE"
"13772","POINT (955828.5587776715 170509.34587502718)","Staten Island","CASTLETON AVENUE"
"14422","POINT (962688.5939573268 159278.61901650552)","Staten Island","STEUBEN STREET"
"15047","POINT (960300.1314527228 160003.22130331688)","Staten Island","CLOVE ROAD"
"15068","POINT (959820.4511469202 161207.17488531745)","Staten Island","TARGEE STREET"
"15112","POINT (960740.0099034625 163520.58204806864)","Staten Island","TARGEE STREET"
"15194","POINT (960806.8404560087 167232.8391282162)","Staten Island","VAN DUZER STREET"
"15741","POINT (963113.6185387113 169411.95964130142)","Staten Island","BAY STREET"
"16914","POINT (975830.4911452741 164419.88439297522)","Brooklyn","4 AVENUE"
"16916","POINT (975912.9097680006 164684.06685027728)","Brooklyn","4 AVENUE"
"17067","POINT (976272.7140679968 165837.98384902565)","Brooklyn","4 AVENUE"
"17078","POINT (976307.1211504884 165948.00332821062)","Brooklyn","4 AVENUE"
"17078","POINT (976337.6780858076 166045.40686783008)","Brooklyn","4 AVENUE"
"17078","POINT (976363.6374936216 166128.15529076918)","Brooklyn","4 AVENUE"
"17080","POINT (976388.9070253563 166209.0057947149)","Brooklyn","4 AVENUE"
"17080","POINT (976423.4145100996 166320.15557869905)","Brooklyn","4 AVENUE"
"17080","POINT (976461.0738577092 166441.45762035585)","Brooklyn","4 AVENUE"
"17197","POINT (977327.9804410205 169229.82200801425)","Brooklyn","4 AVENUE"
"17341","POINT (979960.1227844463 164970.665374856)","Brooklyn","11 AVENUE"
"17635","POINT (977672.3280110451 170324.6170715612)","Brooklyn","4 AVENUE"
"17637","POINT (977762.6688745626 170616.14792352205)","Brooklyn","4 AVENUE"
"17653","POINT (978538.345847437 170642.69773880864)","Brooklyn","SENATOR STREET"
"17712","POINT (978551.1104806787 170494.06807516303)","Brooklyn","5 AVENUE"
"17715","POINT (978604.3338243599 170658.64895877504)","Brooklyn","5 AVENUE"
"17724","POINT (978253.9266809095 171638.226857182)","Brooklyn","4 AVENUE"
"17737","POINT (979139.4590309714 171027.86328088932)","Brooklyn","65 STREET"
"17790","POINT (978584.3758169503 173319.34828770818)","Brooklyn","3 AVENUE"
"18704","POINT (984682.5513510148 156816.42421046953)","Brooklyn","CROPSEY AVENUE"
"18717","POINT (984572.0950054392 157720.3675386553)","Brooklyn","BATH AVENUE"
"18719","POINT (984620.5195647168 157676.75350697272)","Brooklyn","BATH AVENUE"
"18782","POINT (985955.8132594511 155521.14348886383)","Brooklyn","HARWAY AVENUE"
"18801","POINT (984628.6808163883 157737.5430729698)","Brooklyn","BAY 28 STREET"
"18806","POINT (985710.9889073595 158785.65532537774)","Brooklyn","86 STREET"
"18807","POINT (985720.4829562575 158712.14198650714)","Brooklyn","BAY 29 STREET"
"18808","POINT (985781.6264196238 158732.35463536982)","Brooklyn","86 STREET"
"18852","POINT (986076.1785623948 154672.4390510297)","Brooklyn","SHORE PARKWAY"
"18891","POINT (985959.9874965409 155619.60143010732)","Brooklyn","BAY 37 STREET"
"19246","POINT (988844.1001422422 159862.4148743149)","Brooklyn","QUENTIN ROAD"
"19248","POINT (988838.771991507 159890.96018227682)","Brooklyn","KINGS HIGHWAY"
"19250","POINT (989069.520069139 159856.96828538578)","Brooklyn","KINGS HIGHWAY"
"19251","POINT (989063.6256986974 159894.49086953522)","Brooklyn","QUENTIN ROAD"
"19260","POINT (989086.9985859166 151529.06627750714)","Brooklyn","STILLWELL AVENUE BRIDGE"
"19418","POINT (980010.8140465374 165034.62979928014)","Brooklyn","11 AVENUE"
"19418","POINT (980126.5494022865 165180.92520939972)","Brooklyn","11 AVENUE"
"19421","POINT (980170.310874892 165236.19667573337)","Brooklyn","11 AVENUE"
"19475","POINT (981703.5407705168 160892.51860732585)","Brooklyn","16 AVENUE"
"19476","POINT (981762.4140190452 160898.80983720356)","Brooklyn","BENSON AVENUE"
"19484","POINT (981702.2085827406 160946.3971550921)","Brooklyn","BENSON AVENUE"
"19550","POINT (982211.9464290572 167266.5260415672)","Brooklyn","BAY RIDGE AVENUE"
"19555","POINT (981178.5316857505 168585.17764715874)","Brooklyn","FT HAMILTON PARKWAY"
"19595","POINT (981759.1385296163 160962.6488891538)","Brooklyn","16 AVENUE"
"19870","POINT (984435.103184263 164415.13333051358)","Brooklyn","NEW UTRECHT AVENUE"
"19978","POINT (985617.7793409165 162550.5618038621)","Brooklyn","BAY RIDGE PARKWAY"
"20149","POINT (986573.9311670741 163809.19851469668)","Brooklyn","BAY RIDGE AVENUE"
"20215","POINT (987239.0974792498 160188.13182122042)","Brooklyn","BAY PARKWAY"
"20217","POINT (987313.6904475325 160281.58096001777)","Brooklyn","BAY PARKWAY"
"20263","POINT (987803.7633080855 164678.81544623335)","Brooklyn","19 AVENUE"
"20303","POINT (988377.9770039086 166771.2374238287)","Brooklyn","56 STREET"
"20336","POINT (988941.6719690275 159948.73498374666)","Brooklyn","WEST 10 STREET"
"20379","POINT (988963.347818837 163608.5029173456)","Brooklyn","64 STREET"
"20403","POINT (988401.4344958211 166704.44352995008)","Brooklyn","18 AVENUE"
"20404","POINT (988448.0138113222 166765.86334845025)","Brooklyn","18 AVENUE"
"21290","POINT (986769.9497087974 179844.40664129306)","Brooklyn","6 AVENUE"
"21521","POINT (990039.8686864459 177748.32912352376)","Brooklyn","19 STREET"
"21665","POINT (981517.0226811522 187361.3784222473)","Brooklyn","IMLAY STREET"
"21669","POINT (981789.9764542746 187305.85658805526)","Brooklyn","VAN BRUNT STREET"
"22025","POINT (983962.0982992026 180087.38663731195)","Brooklyn","3 AVENUE"
"22026","POINT (984056.0615040638 180004.16092004566)","Brooklyn","3 AVENUE"
"22033","POINT (984157.9736063828 180335.57493282232)","Brooklyn","3 AVENUE"
"22036","POINT (984218.7631885732 180211.0109821304)","Brooklyn","3 AVENUE"
"22096","POINT (984881.527632093 183690.03924056285)","Brooklyn","HAMILTON AVENUE"
"22139","POINT (984684.5044927796 184103.79373406188)","Brooklyn","HAMILTON AVENUE BRIDGE"
"22166","POINT (984387.615263846 185154.21551399646)","Brooklyn","COURT STREET"
"22259","POINT (984945.5256301118 181328.5443321675)","Brooklyn","3 AVENUE"
"22260","POINT (985032.3130552792 181236.9143309466)","Brooklyn","3 AVENUE"
"22263","POINT (985091.5584861083 181523.48276622692)","Brooklyn","3 AVENUE"
"22315","POINT (985112.9330594359 183212.14087685375)","Brooklyn","HAMILTON AVENUE"
"22341","POINT (985228.7213738323 184862.8898812124)","Brooklyn","9 STREET BRIDGE"
"22373","POINT (985209.5120739453 186033.40270336738)","Brooklyn","SMITH STREET"
"22374","POINT (985270.543855269 186061.22776392518)","Brooklyn","5 STREET"
"22407","POINT (985438.1858972467 188016.5320170953)","Brooklyn","COURT STREET"
"22412","POINT (985709.4980606435 188609.68042048273)","Brooklyn","DOUGLASS STREET"
"22413","POINT (985681.4879852731 188680.1013171755)","Brooklyn","COURT STREET"
"22437","POINT (986163.8403319556 180335.3779500272)","Brooklyn","5 AVENUE"
"22438","POINT (986326.985809763 180541.17024999624)","Brooklyn","5 AVENUE"
"22514","POINT (986960.5081405716 185616.9106953816)","Brooklyn","3 STREET BRIDGE"
"22534","POINT (986829.861664052 187160.74783547354)","Brooklyn","UNION STREET"
"22563","POINT (986948.0731809125 180069.27527401192)","Brooklyn","6 AVENUE"
"22638","POINT (987251.2363295011 186362.303757392)","Brooklyn","CARROLL ST BRIDGE"
"22652","POINT (987495.1184701315 186821.05107466818)","Brooklyn","UNION ST BRIDGE"
"22662","POINT (987205.6001945994 187114.7998997344)","Brooklyn","BOND STREET"
"22703","POINT (986959.8851958902 189598.14395835352)","Brooklyn","SMITH STREET"
"22719","POINT (988225.1749803482 180458.18083897105)","Brooklyn","7 AVENUE"
"22720","POINT (988299.5336574267 180456.4724719991)","Brooklyn","WINDSOR PLACE"
"22721","POINT (988272.9167270134 180532.27842026402)","Brooklyn","7 AVENUE"
"22725","POINT (988876.6140011431 180036.52493932733)","Brooklyn","8 AVENUE"
"22726","POINT (988950.1945794803 180042.35586362972)","Brooklyn","WINDSOR PLACE"
"22737","POINT (988218.5359226613 181894.1445907269)","Brooklyn","6 AVENUE"
"22822","POINT (988272.3702870766 189184.91911793745)","Brooklyn","BOND STREET"
"22855","POINT (989138.5745326213 181895.18626607052)","Brooklyn","7 AVENUE"
"22879","POINT (989604.3212133147 184076.68186305516)","Brooklyn","6 AVENUE"
"22924","POINT (990121.9694423247 188693.31617258798)","Brooklyn","ATLANTIC AVENUE"
"22938","POINT (989877.5540843635 189629.6416361393)","Brooklyn","FLATBUSH AVENUE"
"23386","POINT (982831.9107669486 198791.21826923848)","Manhattan","CENTRE STREET"
"23580","POINT (983560.6398954488 199594.5052413428)","Manhattan","CENTRE STREET"
"23979","POINT (986321.7162789196 190425.68278830228)","Brooklyn","COURT STREET"
"24006","POINT (986396.21798745 192343.27589338354)","Brooklyn","CLINTON STREET"
"24149","POINT (986376.0723415194 198982.51147368943)","Manhattan","PIKE STREET"
"24168","POINT (987009.4039384049 199043.26165843938)","Manhattan","RUTGERS STREET"
"24187","POINT (987915.6859482409 189967.70804722418)","Brooklyn","HOYT STREET"
"24202","POINT (987697.0381119697 191046.04140297972)","Brooklyn","SMITH STREET"
"24216","POINT (987794.9345229872 192116.9234192575)","Brooklyn","JAY STREET"
"24258","POINT (987748.381153173 194027.50489303825)","Brooklyn","HIGH STREET"
"24275","POINT (987904.0075783103 194244.61801217566)","Brooklyn","JAY STREET"
"24375","POINT (987854.0780880086 199151.59428702042)","Manhattan","CLINTON STREET"
"24541","POINT (988386.0313712903 199175.2868317711)","Manhattan","MONTGOMERY STREET"
"24893","POINT (995385.8278702738 149836.26944375594)","Brooklyn","BRIGHTON BEACH AVENUE"
"24896","POINT (995500.2374770252 149867.7123518236)","Brooklyn","BRIGHTON BEACH AVENUE"
"25222","POINT (991888.4167028217 159413.48118397928)","Brooklyn","KINGS HIGHWAY"
"25225","POINT (991961.5000416011 159310.92912875218)","Brooklyn","MC DONALD AVENUE"
"25226","POINT (992060.4144636436 159413.97543225045)","Brooklyn","KINGS HIGHWAY"
"25227","POINT (991964.8832569779 159496.2703215038)","Brooklyn","MC DONALD AVENUE"
"25297","POINT (992645.9597259634 156913.39724321564)","Brooklyn","AVENUE U"
"25303","POINT (992730.0403445595 156925.5524667953)","Brooklyn","AVENUE U"
"25316","POINT (992674.8338022291 156982.95111453065)","Brooklyn","EAST 2 STREET"
"25422","POINT (993615.2136397046 152811.3591577488)","Brooklyn","OCEAN PARKWAY"
"25480","POINT (993900.9896577772 156651.25747566065)","Brooklyn","OCEAN PARKWAY"
"25616","POINT (993995.7339416097 154986.10217865705)","Brooklyn","OCEAN PARKWAY"
"25674","POINT (995348.2608990698 150598.94527695083)","Brooklyn","OCEAN VIEW AVENUE"
"25677","POINT (995461.0833214569 149897.3413950018)","Brooklyn","CONEY ISLAND AVENUE"
"25681","POINT (995421.7056231128 150528.86179251716)","Brooklyn","CONEY ISLAND AVENUE"
"25682","POINT (995538.1860932198 150628.7249735337)","Brooklyn","OCEAN VIEW AVENUE"
"25683","POINT (995412.7808069126 150681.7279221853)","Brooklyn","CONEY ISLAND AVENUE"
"25885","POINT (996742.3332725625 151145.95945876485)","Brooklyn","CORBIN PLACE"
"26073","POINT (997568.2212257091 152131.19229442804)","Brooklyn","BAY COURT"
"26168","POINT (997750.0687811858 159379.012814211)","Brooklyn","AVENUE S"
"26170","POINT (997834.8914881974 159391.2027715787)","Brooklyn","AVENUE S"
"26330","POINT (999652.274457441 150999.72550907993)","Brooklyn","SHORE BOULEVARD"
"26410","POINT (999887.0625798578 155496.3732288894)","Brooklyn","AVENUE X"
"26411","POINT (999954.6793255613 155443.92723713478)","Brooklyn","EAST 27 STREET"
"26412","POINT (999994.505146609 155511.9266431005)","Brooklyn","AVENUE X"
"26599","POINT (991342.487369545 161855.9355088382)","Brooklyn","DAHILL ROAD"
"26600","POINT (991472.4578226707 161996.11193408363)","Brooklyn","AVENUE O"
"26613","POINT (991315.2484701172 162046.4847690047)","Brooklyn","DAHILL ROAD"
"26617","POINT (991589.3385829785 162178.40812151926)","Brooklyn","MC DONALD AVENUE"
"26620","POINT (991775.2309838393 162039.9878613392)","Brooklyn","AVENUE O"
"26751","POINT (993007.7338337832 162808.8941377639)","Brooklyn","OCEAN PARKWAY"
"26751","POINT (993022.148787701 162706.50435417081)","Brooklyn","OCEAN PARKWAY"
"26763","POINT (992934.8429480052 163319.28047386082)","Brooklyn","OCEAN PARKWAY"
"26771","POINT (992550.3156721661 165963.7599193228)","Brooklyn","OCEAN PARKWAY"
"26791","POINT (992233.7915575602 168166.06933856406)","Brooklyn","OCEAN PARKWAY"
"26834","POINT (993370.0874209597 160299.5753045159)","Brooklyn","OCEAN PARKWAY"
"26840","POINT (993250.1854376522 161113.60705967576)","Brooklyn","OCEAN PARKWAY"
"26846","POINT (993158.535208677 161747.81239914504)","Brooklyn","OCEAN PARKWAY"
"26951","POINT (994770.670693399 160521.78035925)","Brooklyn","KINGS HIGHWAY"
"26953","POINT (994838.9018238059 160449.74469726297)","Brooklyn","CONEY ISLAND AVENUE"
"26954","POINT (994907.6480705068 160583.50793945894)","Brooklyn","KINGS HIGHWAY"
"26955","POINT (994823.0889408768 160630.4190224303)","Brooklyn","CONEY ISLAND AVENUE"
"26960","POINT (994544.798323979 161491.56305340352)","Brooklyn","AVENUE P"
"26961","POINT (994728.930341462 161286.90778713496)","Brooklyn","CONEY ISLAND AVENUE"
"26969","POINT (994665.2953793966 161724.22752156615)","Brooklyn","CONEY ISLAND AVENUE"
"26974","POINT (994257.6681704051 163390.08382902257)","Brooklyn","AVENUE N"
"26977","POINT (994399.4651473636 163565.27965443654)","Brooklyn","CONEY ISLAND AVENUE"
"26980","POINT (994449.9141991851 163222.21160127857)","Brooklyn","CONEY ISLAND AVENUE"
"27028","POINT (994281.6626130111 167838.65508035044)","Brooklyn","AVENUE I"
"27030","POINT (994361.6134405588 167850.2039927321)","Brooklyn","AVENUE I"
"27043","POINT (994317.9787322467 167902.56247549815)","Brooklyn","EAST 13 STREET"
"27094","POINT (995774.910267249 161030.10636790365)","Brooklyn","KINGS HIGHWAY"
"27101","POINT (995847.263754808 160969.20286772956)","Brooklyn","EAST 15 STREET"
"27241","POINT (996153.8350287935 161247.93666778144)","Brooklyn","KINGS HIGHWAY"
"27242","POINT (996059.4277207239 161319.69939810832)","Brooklyn","EAST 16 STREET"
"27245","POINT (996483.0563751012 161771.54741020538)","Brooklyn","AVENUE P"
"27251","POINT (996597.3984691743 161788.03671606982)","Brooklyn","AVENUE P"
"27260","POINT (996528.4125366425 161850.23025194177)","Brooklyn","EAST 18 STREET"
"27295","POINT (996548.3466529046 165910.20462215622)","Brooklyn","OCEAN AVENUE"
"27346","POINT (997776.6162990998 159450.35779142627)","Brooklyn","EAST 21 STREET"
"27353","POINT (997359.1063157197 161913.01897374928)","Brooklyn","AVENUE P"
"27358","POINT (997475.2383335024 161942.20337536008)","Brooklyn","KINGS HIGHWAY"
"27386","POINT (997619.2522141548 163876.7410412663)","Brooklyn","AVENUE N"
"27398","POINT (997652.0111968547 163935.58441369023)","Brooklyn","EAST 23 STREET"
"27451","POINT (998393.0795032032 160336.55920165818)","Brooklyn","AVENUE R"
"27452","POINT (998442.8977572792 160292.8711093241)","Brooklyn","EAST 24 STREET"
"27453","POINT (998481.7653206716 160349.4594660107)","Brooklyn","AVENUE R"
"27486","POINT (998582.2590573215 163090.13324856092)","Brooklyn","EAST 26 STREET"
"27814","POINT (991832.9795884471 170151.45422565244)","Brooklyn","AVENUE F"
"27824","POINT (991859.3789548792 170208.5810413658)","Brooklyn","OCEAN PARKWAY"
"27836","POINT (991604.2773204081 172512.33067736923)","Brooklyn","OCEAN PARKWAY"
"27888","POINT (991945.4455949737 176057.35077740846)","Brooklyn","CATON PLACE"
"27896","POINT (992110.9790302332 175420.376070759)","Brooklyn","CATON AVENUE"
"27934","POINT (991553.9500168479 178129.88029034744)","Brooklyn","SEELEY STREET"
"27936","POINT (991595.458516537 178110.69337135352)","Brooklyn","PROSPECT PARK SOUTHWEST"
"27936","POINT (991638.7955656008 177914.89308777224)","Brooklyn","PROSPECT PARK SOUTHWEST"
"27937","POINT (991575.6436103074 178195.72190705777)","Brooklyn","PROSPECT PARK SOUTHWEST"
"28012","POINT (992202.1290712898 175389.28814564316)","Brooklyn","CONEY ISLAND AVENUE"
"28013","POINT (992274.263635981 175495.44125795653)","Brooklyn","CATON AVENUE"
"28065","POINT (993896.4141665661 171974.14128120022)","Brooklyn","DORCHESTER ROAD"
"28085","POINT (993580.2785190339 173960.38731349705)","Brooklyn","BEVERLY ROAD"
"28236","POINT (994394.526615009 176983.849822342)","Brooklyn","CROOKE AVENUE"
"28276","POINT (994362.2548550685 179829.68641588968)","Brooklyn","EAST LAKE DRIVE"
"28276","POINT (994365.2421244883 179833.02113501003)","Brooklyn","EAST LAKE DRIVE"
"28378","POINT (995291.9833896558 178662.567243223)","Brooklyn","FLATBUSH AVENUE"
"28382","POINT (995358.4385104875 178295.64638267975)","Brooklyn","FLATBUSH AVENUE"
"28390","POINT (995269.339035484 178795.96821135445)","Brooklyn","FLATBUSH AVENUE"
"28394","POINT (995208.0380758931 179234.0005014644)","Brooklyn","FLATBUSH AVENUE"
"28666","POINT (998563.9449079544 172445.0489575672)","Brooklyn","NEWKIRK AVENUE"
"28671","POINT (998556.8637117643 172568.2866317004)","Brooklyn","NOSTRAND AVENUE"
"28736","POINT (998968.5614236451 177400.70738681417)","Brooklyn","NEW YORK AVENUE"
"28860","POINT (1000107.3859006881 178228.42413457567)","Brooklyn","CLARKSON AVENUE"
"28880","POINT (990467.7070242653 181085.39723555313)","Brooklyn","PROSPECT PARK WEST"
"28913","POINT (990856.4715264566 184615.16396614004)","Brooklyn","7 AVENUE"
"28932","POINT (990672.4564509622 185958.8668880445)","Brooklyn","6 AVENUE"
"28956","POINT (990359.9326995986 188570.31647494965)","Brooklyn","ATLANTIC AVENUE"
"28957","POINT (990297.1438291583 188870.8360536975)","Brooklyn","FLATBUSH AVENUE"
"28958","POINT (990282.7197027255 188695.1194839867)","Brooklyn","4 AVENUE"
"28962","POINT (990592.6612594692 188333.64446553923)","Brooklyn","FLATBUSH AVENUE"
"28981","POINT (990717.145323859 189649.61669110664)","Brooklyn","FULTON STREET"
"29100","POINT (991969.7527517148 189743.9271883746)","Brooklyn","LAFAYETTE AVENUE"
"29120","POINT (992252.3683271018 183914.06299569778)","Brooklyn","PROSPECT PARK WEST"
"29135","POINT (992129.2742636353 185559.47261208558)","Brooklyn","FLATBUSH AVENUE"
"29246","POINT (993121.756864559 188474.0489289387)","Brooklyn","VANDERBILT AVENUE"
"29280","POINT (995025.5549914241 180210.13522394234)","Brooklyn","FLATBUSH AVENUE"
"29302","POINT (995520.4361360245 183379.9603179165)","Brooklyn","UNION STREET"
"29309","POINT (994839.2676299886 184599.73594848666)","Brooklyn","ST JOHNS PLACE"
"29329","POINT (994681.2539533507 186187.2461430231)","Brooklyn","GRAND AVENUE"
"29404","POINT (995359.8876576885 181619.70496346176)","Brooklyn","FRANKLIN AVENUE"
"29427","POINT (995617.5928175562 184386.49356390574)","Brooklyn","ST JOHNS PLACE"
"29487","POINT (995863.2754587495 189243.69447385758)","Brooklyn","QUINCY STREET"
"29487","POINT (996201.6977745484 189294.95726297263)","Brooklyn","QUINCY STREET"
"29521","POINT (996216.1038835357 184222.22243964372)","Brooklyn","ST JOHNS PLACE"
"29524","POINT (996215.623016763 184736.11964967122)","Brooklyn","FRANKLIN AVENUE"
"29531","POINT (997049.4911090851 184045.76588849293)","Brooklyn","ST JOHNS PLACE"
"29538","POINT (996481.673169844 185705.06569511592)","Brooklyn","FRANKLIN AVENUE"
"29538","POINT (996484.9322915733 185716.91250560532)","Brooklyn","FRANKLIN AVENUE"
"29548","POINT (996561.9191197137 185998.24392539792)","Brooklyn","FRANKLIN AVENUE"
"29555","POINT (996288.0628747797 187505.87319431308)","Brooklyn","FULTON STREET"
"29560","POINT (996485.6144891691 187821.1684425951)","Brooklyn","FRANKLIN AVENUE"
"29588","POINT (996250.7694976918 189359.02559397486)","Brooklyn","FRANKLIN AVENUE"
"29756","POINT (998853.7122223936 184737.2274853263)","Brooklyn","NEW YORK AVENUE"
"29764","POINT (998876.3880287419 185059.05223297997)","Brooklyn","NEW YORK AVENUE"
"29852","POINT (999667.4530112374 185332.730699192)","Brooklyn","BROOKLYN AVENUE"
"29887","POINT (999048.6127277794 187932.74747968238)","Brooklyn","MARCY AVENUE"
"29890","POINT (1000192.1897126157 188535.17952950826)","Brooklyn","JEFFERSON AVENUE"
"29896","POINT (999945.7375139446 189863.2709267886)","Brooklyn","QUINCY STREET"
"29940","POINT (990641.6820318152 192982.4707947984)","Brooklyn","PARK AVENUE"
"30187","POINT (992324.1858989189 192788.25186366576)","Brooklyn","PARK AVENUE"
"30191","POINT (992304.9742875922 192900.98619201913)","Brooklyn","PARK AVENUE"
"30278","POINT (993174.3279852272 189989.99796521664)","Brooklyn","CLINTON AVENUE"
"30280","POINT (993440.6697260097 190039.19389124087)","Brooklyn","WAVERLY AVENUE"
"30310","POINT (993435.2151713882 192732.62756542725)","Brooklyn","PARK AVENUE"
"30312","POINT (993433.3920251814 192842.53558925682)","Brooklyn","PARK AVENUE"
"30314","POINT (993702.5739788873 192720.44606080302)","Brooklyn","PARK AVENUE"
"30319","POINT (993676.3917409923 192831.71980956983)","Brooklyn","PARK AVENUE"
"30430","POINT (993412.3679384506 198799.60272124573)","Brooklyn","SOUTH 5 STREET"
"30494","POINT (994212.8831474067 192967.30731194012)","Brooklyn","PARK AVENUE"
"30606","POINT (994965.007894527 198168.7291613147)","Brooklyn","SOUTH 5 STREET"
"30611","POINT (995049.5269987503 198391.87258124477)","Brooklyn","SOUTH 4 STREET"
"30620","POINT (994499.0815171162 199670.64153360084)","Brooklyn","BERRY STREET"
"30761","POINT (995774.9017681075 197002.97245631696)","Brooklyn","MARCY AVENUE"
"30768","POINT (995246.6623368886 198576.27146232696)","Brooklyn","SOUTH 3 STREET"
"30770","POINT (995255.9685285593 198289.18107086982)","Brooklyn","SOUTH 4 STREET"
"30775","POINT (995421.7988041259 198373.87123256878)","Brooklyn","ROEBLING STREET"
"30782","POINT (995700.0956657032 198951.90529360765)","Brooklyn","ROEBLING STREET"
"30789","POINT (995682.2086839088 198983.2568958915)","Brooklyn","SOUTH 1 STREET"
"30800","POINT (995594.1025068916 199618.1371802403)","Brooklyn","DRIGGS AVENUE"
"30802","POINT (995723.8351205746 199001.17855627218)","Brooklyn","ROEBLING STREET"
"30825","POINT (996631.1469824447 190892.3095214676)","Brooklyn","BEDFORD AVENUE"
"30834","POINT (996868.7064081641 191092.3017511528)","Brooklyn","SPENCER STREET"
"30837","POINT (996929.7145818855 191043.81042880236)","Brooklyn","DEKALB AVENUE"
"30848","POINT (996253.7778159713 193372.15171793176)","Brooklyn","BEDFORD AVENUE"
"31118","POINT (997720.6764513843 198952.44355261783)","Brooklyn","UNION AVENUE"
"31145","POINT (997659.5354335161 200001.4116226538)","Brooklyn","MEEKER AVENUE"
"31157","POINT (999137.9290200047 190832.88863781653)","Brooklyn","LAFAYETTE AVENUE"
"31294","POINT (999775.2779092334 190929.34257443834)","Brooklyn","LAFAYETTE AVENUE"
"31332","POINT (999397.656608001 194823.38885415051)","Brooklyn","THROOP AVENUE"
"31373","POINT (999954.3826245122 196443.3963089397)","Brooklyn","BOERUM STREET"
"31374","POINT (999541.0567311286 196777.0892025826)","Brooklyn","MANHATTAN AVENUE"
"31401","POINT (999349.7278420378 198355.76846273834)","Brooklyn","MANHATTAN AVENUE"
"31404","POINT (999659.5812375103 198534.09010153945)","Brooklyn","GRAND STREET"
"31405","POINT (999750.2824539655 198946.20198105942)","Brooklyn","GRAHAM AVENUE"
"31409","POINT (999814.3771238585 198435.99930439278)","Brooklyn","GRAHAM AVENUE"
"31411","POINT (999783.5381810215 198680.40412372779)","Brooklyn","GRAHAM AVENUE"
"31412","POINT (999939.4905845154 198569.12307424782)","Brooklyn","GRAND STREET"
"31417","POINT (999218.94604039 199400.1766567234)","Brooklyn","MANHATTAN AVENUE"
"31420","POINT (999591.7363576324 199595.111825582)","Brooklyn","METROPOLITAN AVENUE"
"31421","POINT (999653.0427057722 199717.1063470076)","Brooklyn","GRAHAM AVENUE"
"31422","POINT (999735.2937693287 199613.01530677956)","Brooklyn","METROPOLITAN AVENUE"
"31425","POINT (999715.1637458253 199225.81065345084)","Brooklyn","GRAHAM AVENUE"
"31427","POINT (999686.1970932393 199453.69096357614)","Brooklyn","GRAHAM AVENUE"
"31550","POINT (981745.8315592878 200652.92946354364)","Manhattan","HUDSON STREET"
"31826","POINT (982020.7058986598 202682.64876389375)","Manhattan","HUDSON STREET"
"31827","POINT (981825.8154022335 202814.43148876683)","Manhattan","DESBROSSES STREET"
"31906","POINT (982418.5897529337 203687.30303111492)","Manhattan","SPRING STREET"
"31907","POINT (982665.541169807 203804.47912365184)","Manhattan","VARICK STREET"
"31909","POINT (982695.4371376416 204051.06454315782)","Manhattan","VARICK STREET"
"31914","POINT (982237.7352574492 204395.99735678846)","Manhattan","HUDSON STREET"
"32031","POINT (982740.5260342382 208534.4498851552)","Manhattan","HUDSON STREET"
"32070","POINT (983913.0513406455 199955.00115598654)","Manhattan","HOGAN PLACE"
"32072","POINT (983871.9619337999 200899.62579306817)","Manhattan","WALKER STREET"
"32078","POINT (983097.6488837826 201496.5340372222)","Manhattan","CHURCH STREET"
"32082","POINT (983086.3990795781 201972.4518394078)","Manhattan","CANAL STREET"
"32086","POINT (983462.2693674415 201909.43891772063)","Manhattan","GREENE STREET"
"32196","POINT (983925.2995329676 205746.1444623286)","Manhattan","AVENUE OF THE AMERICAS"
"32204","POINT (983103.1002304989 206390.74071870893)","Manhattan","BLEECKER STREET"
"32254","POINT (983744.0063812911 207409.59451735538)","Manhattan","WAVERLY PLACE"
"32283","POINT (983489.7985718859 208681.0893384064)","Manhattan","8 AVENUE"
"32285","POINT (983603.6196930838 208883.97928795454)","Manhattan","8 AVENUE"
"32314","POINT (984513.1870746954 200580.2602296788)","Manhattan","WALKER STREET"
"32319","POINT (984527.1086227081 200628.56170300423)","Manhattan","CANAL STREET"
"32453","POINT (985032.2343235568 207747.16194959875)","Manhattan","AVENUE OF THE AMERICAS"
"32453","POINT (985078.568094664 207831.3612071286)","Manhattan","AVENUE OF THE AMERICAS"
"32455","POINT (984287.658483688 208260.71477102977)","Manhattan","7 AVENUE"
"32456","POINT (983966.9956990204 208557.05848777428)","Manhattan","WEST 14 STREET"
"32457","POINT (984391.9677237009 208450.05083911237)","Manhattan","7 AVENUE"
"32486","POINT (985891.684517653 200736.6592938033)","Manhattan","CHRYSTIE STREET"
"32489","POINT (986020.4227238464 201070.4545241199)","Manhattan","CHRYSTIE STREET"
"32514","POINT (984923.2168825043 202499.1726847152)","Manhattan","SPRING STREET"
"32532","POINT (984994.6182493366 203061.67990764632)","Manhattan","PRINCE STREET"
"32550","POINT (985592.528062295 203845.4217278121)","Manhattan","BLEECKER STREET"
"32627","POINT (984742.8553412402 208127.9243560125)","Manhattan","WEST 14 STREET"
"32628","POINT (985192.8034244572 208037.1918877758)","Manhattan","AVENUE OF THE AMERICAS"
"32631","POINT (985936.3937726365 207273.22693457955)","Manhattan","5 AVENUE"
"32651","POINT (986232.733142588 201011.40068971057)","Manhattan","FORSYTH STREET"
"32742","POINT (986434.5908566465 204895.33192556523)","Manhattan","LAFAYETTE STREET"
"32775","POINT (986898.3900309051 205581.1890203557)","Manhattan","4 AVENUE"
"32792","POINT (985582.0787867872 207664.62239143706)","Manhattan","WEST 14 STREET"
"32793","POINT (986087.8167909933 207547.92518795896)","Manhattan","5 AVENUE"
"32794","POINT (986334.5429660019 207250.82142872698)","Manhattan","EAST 14 STREET"
"32802","POINT (986677.4276607893 207067.55494098228)","Manhattan","EAST 14 STREET"
"32807","POINT (986926.391432291 206927.2599602951)","Manhattan","EAST 14 STREET"
"32828","POINT (986189.0583577064 209838.12014675722)","Manhattan","AVENUE OF THE AMERICAS"
"32830","POINT (985588.6135247427 210299.33228426467)","Manhattan","WEST 23 STREET"
"32830","POINT (986118.0781419419 210008.20561133634)","Manhattan","WEST 23 STREET"
"32831","POINT (986296.114503952 210032.25560072323)","Manhattan","AVENUE OF THE AMERICAS"
"32851","POINT (988081.5691574253 200058.27523367346)","Manhattan","GRAND STREET"
"32914","POINT (988118.706473043 204753.34621870756)","Manhattan","EAST 9 STREET"
"32932","POINT (987595.1289846785 206061.8583517521)","Manhattan","3 AVENUE"
"32937","POINT (988203.5282126779 204988.50693687296)","Manhattan","EAST 10 STREET"
"32943","POINT (987237.8524829344 206747.06359884734)","Manhattan","EAST 14 STREET"
"32947","POINT (987575.9345232661 206560.50556974683)","Manhattan","EAST 14 STREET"
"32950","POINT (987725.4693031437 206295.6325679757)","Manhattan","3 AVENUE"
"32952","POINT (987873.935974393 206563.07722366683)","Manhattan","3 AVENUE"
"32953","POINT (988098.9970051807 206270.79320353543)","Manhattan","EAST 14 STREET"
"33001","POINT (987083.0296066485 209343.91329449415)","Manhattan","5 AVENUE"
"33004","POINT (986410.6182915776 209846.55594315313)","Manhattan","WEST 23 STREET"
"33004","POINT (986981.3040719908 209530.0336824136)","Manhattan","WEST 23 STREET"
"33007","POINT (987282.224073912 209465.6989828445)","Manhattan","BROADWAY"
"33009","POINT (987225.8968417044 209603.44352093482)","Manhattan","5 AVENUE"
"33012","POINT (987351.5121414489 209823.1709519758)","Manhattan","5 AVENUE"
"33012","POINT (987353.2359175336 209826.2590949636)","Manhattan","5 AVENUE"
"33018","POINT (987462.9114801427 210027.0946481555)","Manhattan","5 AVENUE"
"33042","POINT (988561.271406604 200700.99269193952)","Manhattan","DELANCEY STREET"
"33053","POINT (988831.5048762322 200276.171467276)","Manhattan","PITT STREET"
"33115","POINT (988219.5118081827 205722.63052257872)","Manhattan","2 AVENUE"
"33118","POINT (988347.2465012985 205953.29076519687)","Manhattan","2 AVENUE"
"33119","POINT (988767.86543799 205156.20463082244)","Manhattan","1 AVENUE"
"33121","POINT (988874.8367388746 205351.16979621118)","Manhattan","1 AVENUE"
"33123","POINT (989006.1333435874 205588.011693318)","Manhattan","1 AVENUE"
"33128","POINT (988469.5848447343 206173.89750267152)","Manhattan","2 AVENUE"
"33129","POINT (988714.5932169843 205930.95056420585)","Manhattan","EAST 14 STREET"
"33166","POINT (988536.2355814972 208804.30460005024)","Manhattan","LEXINGTON AVENUE"
"33167","POINT (988539.1396156081 208666.46706115338)","Manhattan","EAST 23 STREET"
"33167","POINT (988825.453680923 208506.47433410658)","Manhattan","EAST 23 STREET"
"33170","POINT (988817.4966030373 208267.32259094538)","Manhattan","3 AVENUE"
"33170","POINT (988871.7571375932 208365.4286165572)","Manhattan","3 AVENUE"
"33172","POINT (988959.5280723327 208524.5021325126)","Manhattan","3 AVENUE"
"33172","POINT (989009.0634080509 208614.54456203233)","Manhattan","3 AVENUE"
"33173","POINT (988992.938802245 208413.1987704366)","Manhattan","EAST 23 STREET"
"33173","POINT (989420.9263199373 208175.89987971124)","Manhattan","EAST 23 STREET"
"33184","POINT (988918.3588514779 209496.56356967383)","Manhattan","LEXINGTON AVENUE"
"33186","POINT (989045.2412686802 209724.4848747795)","Manhattan","LEXINGTON AVENUE"
"33255","POINT (990009.993648136 204437.3161282797)","Manhattan","AVENUE B"
"33278","POINT (989344.5327449383 207754.13570524883)","Manhattan","2 AVENUE"
"33280","POINT (989469.45310416 207979.57655116185)","Manhattan","2 AVENUE"
"33290","POINT (989594.5805408699 208204.12160070156)","Manhattan","2 AVENUE"
"33291","POINT (989826.0779801417 207938.89982637917)","Manhattan","EAST 23 STREET"
"33291","POINT (989930.7501901247 207876.3156946514)","Manhattan","EAST 23 STREET"
"33295","POINT (990015.862819453 208457.43025878284)","Manhattan","EAST 25 STREET"
"33393","POINT (983024.576922096 211552.63307147007)","Manhattan","10 AVENUE"
"33451","POINT (983325.4473816692 210238.00650808876)","Manhattan","9 AVENUE"
"33464","POINT (983216.0447879732 211613.0139304046)","Manhattan","WEST 23 STREET"
"33464","POINT (983786.8345156886 211296.81605954136)","Manhattan","WEST 23 STREET"
"33539","POINT (984599.2248720415 210681.32622513542)","Manhattan","8 AVENUE"
"33540","POINT (984003.4749676884 211176.72526118657)","Manhattan","WEST 23 STREET"
"33540","POINT (984535.5071197695 210881.64804796502)","Manhattan","WEST 23 STREET"
"33638","POINT (984769.9571183727 210751.76132129141)","Manhattan","WEST 23 STREET"
"33638","POINT (985351.604002355 210430.00287631448)","Manhattan","WEST 23 STREET"
"33639","POINT (985520.693603 210485.0288672712)","Manhattan","7 AVENUE"
"33882","POINT (987740.9785941953 210013.32149407663)","Manhattan","EAST 26 STREET"
"34079","POINT (988412.6708057742 216074.1913574584)","Manhattan","BROADWAY"
"34122","POINT (988657.0240950012 219866.40375234018)","Manhattan","COLUMBUS AVENUE"
"34122","POINT (988659.831027349 219871.4766000846)","Manhattan","COLUMBUS AVENUE"
"34156","POINT (989298.3660965185 212726.37253853126)","Manhattan","EAST 38 STREET"
"34197","POINT (990154.7315705227 214369.88741990706)","Manhattan","EAST 45 STREET"
"34257","POINT (989422.6249321629 219395.74845920465)","Manhattan","CENTRAL PARK WEST"
"34257","POINT (989422.9725340166 219396.36346693296)","Manhattan","CENTRAL PARK WEST"
"34332","POINT (987085.855869686 220742.03906282506)","Manhattan","WEST END AVENUE"
"34338","POINT (987872.8 220304.7)","Manhattan","AMSTERDAM AV"
"34338","POINT (987876.4620790261 220311.29419329413)","Manhattan","AMSTERDAM AVENUE"
"34338","POINT (987876.5259166872 220311.40885060833)","Manhattan","AMSTERDAM AVENUE"
"34361","POINT (987558.0460802768 223239.76050146247)","Manhattan","RIVERSIDE BOULEVARD"
"34392","POINT (988628.4 221673.8)","Manhattan","AMSTERDAM AV"
"34404","POINT (988478.208144415 223254.4292428634)","Manhattan","WEST END AVENUE"
"34405","POINT (988399.1488145873 223465.13775103274)","Manhattan","WEST 72 STREET"
"34406","POINT (988619.7991434041 223509.29508051428)","Manhattan","WEST END AVENUE"
"34410","POINT (988876.1974734956 223975.62974984257)","Manhattan","WEST END AVENUE"
"34421","POINT (989004.7582618956 224203.8042124332)","Manhattan","WEST END AVENUE"
"34497","POINT (989271.3 222836.9)","Manhattan","AMSTERDAM AV"
"34502","POINT (989915.7366660357 222132.7256262895)","Manhattan","COLUMBUS AVENUE"
"34505","POINT (989050.9477404454 223105.72384502203)","Manhattan","WEST 72 STREET"
"34506","POINT (989248.8830728385 223159.5830684135)","Manhattan","BROADWAY"
"34520","POINT (989922.8 224005.3)","Manhattan","AMSTERDAM AVENUE"
"34526","POINT (989398.2027313892 224914.2598873969)","Manhattan","WEST END AVENUE"
"34543","POINT (989535.76171529 225162.691612823)","Manhattan","WEST END AVENUE"
"34645","POINT (990393.128551817 208098.2037378038)","Manhattan","1 AVENUE"
"34651","POINT (990886.8705720373 207975.41990912193)","Manhattan","EAST 25 STREET"
"34858","POINT (993788.6554211507 200392.52486588992)","Brooklyn","KENT AVENUE"
"34885","POINT (994352.2655704102 201087.48738158453)","Brooklyn","KENT AVENUE"
"34886","POINT (994401.4697122798 201083.16611966077)","Brooklyn","NORTH 4 STREET"
"34958","POINT (995514.2375235057 200976.974436192)","Brooklyn","BERRY STREET"
"35042","POINT (996281.9966321208 207591.07642319257)","Brooklyn","CLAY STREET"
"35093","POINT (996850.632271717 201093.76219272992)","Brooklyn","NORTH 10 STREET"
"35094","POINT (996859.6882636031 201168.089245124)","Brooklyn","DRIGGS AVENUE"
"35105","POINT (996668.0603022465 202389.89319918645)","Brooklyn","BERRY STREET"
"35151","POINT (996448.4790132499 205249.87240871775)","Brooklyn","GREENPOINT AVENUE"
"35158","POINT (996791.7022542717 206385.82765528164)","Brooklyn","MANHATTAN AVENUE"
"35164","POINT (996803.285658689 206293.96124257846)","Brooklyn","MANHATTAN AVENUE"
"35207","POINT (997447.3512408745 209223.6250533482)","Queens","BORDEN AVENUE"
"35253","POINT (997803.7736715947 202931.8265457257)","Brooklyn","NASSAU AVENUE"
"35359","POINT (997470.6365921637 209180.79930504961)","Queens","11 STREET"
"35420","POINT (998290.1688661897 200410.90556063448)","Brooklyn","MEEKER AVENUE"
"35499","POINT (998945.2450309343 203428.99002193296)","Brooklyn","NASSAU AVENUE"
"35517","POINT (998383.4878000349 205494.18068258037)","Brooklyn","GREENPOINT AVENUE"
"35569","POINT (999028.985424176 200918.1533844573)","Brooklyn","MANHATTAN AVENUE"
"35597","POINT (999519.7800628852 201580.278433048)","Brooklyn","MEEKER AVENUE"
"35598","POINT (999432.8897584828 201249.20676794375)","Brooklyn","GRAHAM AVENUE"
"35619","POINT (999844.4340753728 201689.0400078654)","Brooklyn","MEEKER AVENUE"
"35626","POINT (999866.8743474743 201330.38987282434)","Brooklyn","HUMBOLDT STREET"
"35631","POINT (998846.4793139464 203321.0565927417)","Brooklyn","NEWEL STREET"
"35636","POINT (999205.325843286 202649.08944511125)","Brooklyn","DRIGGS AVENUE"
"35637","POINT (999371.9705030293 202733.81557923544)","Brooklyn","DIAMOND STREET"
"35639","POINT (999431.4948852463 202682.3077882001)","Brooklyn","DRIGGS AVENUE"
"35648","POINT (999033.4790300864 203520.57697357412)","Brooklyn","DIAMOND STREET"
"35649","POINT (999151.9702585452 203519.13698104458)","Brooklyn","NASSAU AVENUE"
"35656","POINT (999848.2451437924 204021.45701328234)","Brooklyn","NORTH HENRY STREET"
"35669","POINT (999126.4031742165 205590.95316377823)","Brooklyn","HUMBOLDT STREET"
"35671","POINT (999223.6845681496 205816.06919571542)","Brooklyn","GREENPOINT AVENUE"
"35675","POINT (999376.979762839 205677.83532823145)","Brooklyn","RUSSELL STREET"
"35676","POINT (999658.2517093641 205536.98869326888)","Brooklyn","NORTH HENRY STREET"
"35720","POINT (999441.2422544538 209788.47412960455)","Queens","SKILLMAN AVENUE"
"35732","POINT (999895.4914102956 209402.93787529998)","Queens","49 AVENUE"
"35746","POINT (991007.6307958037 210753.83402317978)","Manhattan","2 AVENUE"
"35767","POINT (990951.814004731 211810.9022251407)","Manhattan","EAST 38 STREET"
"35868","POINT (990770.7243465074 218114.2032034098)","Manhattan","AVENUE OF THE AMERICAS"
"35869","POINT (989723.3438296297 218847.56038468663)","Manhattan","CENTRAL PARK SOUTH"
"35876","POINT (990824.968662131 218342.36094292437)","Manhattan","CENTER DRIVE"
"35914","POINT (991380.6676818164 211428.12677911323)","Manhattan","2 AVENUE"
"35944","POINT (992023.2062285505 212587.3622993951)","Manhattan","2 AVENUE"
"35951","POINT (991511.7057792346 213618.02332636854)","Manhattan","EAST 45 STREET"
"36024","POINT (991952.3362843811 217596.60671142524)","Manhattan","EAST 59 STREET"
"36026","POINT (991914.612659766 218061.2732763893)","Manhattan","5 AVENUE"
"36026","POINT (991916.9881482449 218065.53047099156)","Manhattan","5 AVENUE"
"36112","POINT (992530.779098 213503.68102911106)","Manhattan","2 AVENUE"
"36140","POINT (992810.9854783298 215476.64846171835)","Manhattan","3 AVENUE"
"36142","POINT (992938.6913597581 215706.25884329938)","Manhattan","3 AVENUE"
"36145","POINT (993067.3382312725 215938.7729627339)","Manhattan","3 AVENUE"
"36162","POINT (992228.5398469993 217580.87718717236)","Manhattan","MADISON AVENUE"
"36164","POINT (992337.1521983382 217777.32310344488)","Manhattan","MADISON AVENUE"
"36246","POINT (993170.3054184812 214659.96448100076)","Manhattan","2 AVENUE"
"36248","POINT (993286.7319191075 214871.7461192431)","Manhattan","2 AVENUE"
"36256","POINT (993543.6035824142 215335.155184143)","Manhattan","2 AVENUE"
"36258","POINT (993674.7353075458 215570.68951150047)","Manhattan","2 AVENUE"
"36260","POINT (993788.7621716365 215776.89282448762)","Manhattan","2 AVENUE"
"36262","POINT (993983.2765118213 215849.39454064993)","Manhattan","EAST 57 STREET"
"36263","POINT (993937.8553970723 216046.29792848983)","Manhattan","2 AVENUE"
"36264","POINT (993264.6649222511 216866.38399947208)","Manhattan","EAST 59 STREET"
"36273","POINT (993799.0414266979 216571.27437953692)","Manhattan","EAST 59 STREET"
"36274","POINT (993699.0081297627 217078.87816882937)","Manhattan","3 AVENUE"
"36277","POINT (993256.7488549579 217326.5642278341)","Manhattan","LEXINGTON AVENUE"
"36277","POINT (993267.8463813076 217346.71054195342)","Manhattan","LEXINGTON AVENUE"
"36368","POINT (994070.7454815434 216276.4638688971)","Manhattan","2 AVENUE"
"36375","POINT (994318.9276491875 216730.62037748942)","Manhattan","2 AVENUE"
"36403","POINT (994975.9477853001 216372.2037805099)","Manhattan","1 AVENUE"
"36419","POINT (994327.1306355589 218211.72813855298)","Manhattan","3 AVENUE"
"36440","POINT (994917.9710380884 219854.4829709568)","Manhattan","EAST 72 STREET"
"36517","POINT (995598.7752413469 216022.70822390672)","Manhattan","YORK AVENUE"
"36551","POINT (995480.6984605975 217284.33115704948)","Manhattan","1 AVENUE"
"36568","POINT (995985.4899758239 218194.8789518641)","Manhattan","1 AVENUE"
"36569","POINT (995098.9788989039 219606.13939127617)","Manhattan","3 AVENUE"
"36578","POINT (996114.3089817252 219191.3391846271)","Manhattan","EAST 72 STREET"
"36665","POINT (996368.5107456926 218884.89458840011)","Manhattan","1 AVENUE"
"36678","POINT (996901.5463172147 219847.6205077662)","Manhattan","1 AVENUE"
"36727","POINT (997957.1317406379 212058.255333758)","Queens","44 DRIVE"
"36814","POINT (998377.0377105324 210027.67222840316)","Queens","21 STREET"
"36834","POINT (998490.2407973193 211923.2649782113)","Queens","44 DRIVE"
"36843","POINT (998231.8172772328 212110.70641467042)","Queens","11 STREET"
"36843","POINT (998238.9296299573 212144.13268495217)","Queens","11 STREET"
"37081","POINT (990836.4997926984 221943.97955626674)","Manhattan","CENTRAL PARK WEST"
"37082","POINT (989712.7303282475 222737.14851692534)","Manhattan","WEST 72 STREET"
"37083","POINT (990193.0987921436 222636.07846597605)","Manhattan","COLUMBUS AVENUE"
"37089","POINT (990981.5972360107 222205.3873655056)","Manhattan","CENTRAL PARK WEST"
"37111","POINT (990582.4 225194.6)","Manhattan","AMSTERDAM AV"
"37121","POINT (990312.60050347 226564.59634418646)","Manhattan","WEST END AVENUE"
"37123","POINT (990454.2127981207 226818.48982692667)","Manhattan","WEST END AVENUE"
"37175","POINT (990959.0614402553 222048.76319159983)","Manhattan","CPW 72 APPROACH"
"37175","POINT (990984.4087190241 222035.06593947567)","Manhattan","CPW 72 APPROACH"
"37184","POINT (991789.3270699204 221184.99133445104)","Manhattan","TERRACE DRIVE"
"37217","POINT (991547.88244981 226042.65320975182)","Manhattan","WEST 86 STREET"
"37218","POINT (992026.1507948842 225943.75031673687)","Manhattan","COLUMBUS AVENUE"
"37220","POINT (991099.7 226128.7)","Manhattan","AMSTERDAM AV"
"37220","POINT (991100.349077401 226129.19923499695)","Manhattan","AMSTERDAM AVENUE"
"37252","POINT (991471.3683336097 228656.37564989386)","Manhattan","WEST END AVENUE"
"37254","POINT (991599.7098002826 228887.17055533116)","Manhattan","WEST END AVENUE"
"37254","POINT (991602.8082108775 228892.77068945175)","Manhattan","WEST END AVENUE"
"37275","POINT (991736.4765908252 229134.09653569965)","Manhattan","WEST END AVENUE"
"37275","POINT (991737.5408865077 229136.0160069223)","Manhattan","WEST END AVENUE"
"37277","POINT (991871.4606813077 229377.98653275406)","Manhattan","WEST END AVENUE"
"37302","POINT (991633.7262243095 224444.4801455443)","Manhattan","WEST 81 STREET"
"37312","POINT (992672.637430966 225256.84990575063)","Manhattan","CENTRAL PARK WEST"
"37313","POINT (992378.0716554411 225582.85294561772)","Manhattan","WEST 86 STREET"
"37314","POINT (992810.2143252018 225505.4439290496)","Manhattan","CENTRAL PARK WEST"
"37340","POINT (992383.1637277658 228443.51207834142)","Manhattan","AMSTERDAM AVENUE"
"37340","POINT (992387 228450.4)","Manhattan","AMSTERDAM AV"
"37371","POINT (993450.7802186997 220833.7943186588)","Manhattan","5 AVENUE"
"37372","POINT (993582.5134305132 220593.870902487)","Manhattan","EAST 72 STREET"
"37372","POINT (993600.0281689909 220584.11940477163)","Manhattan","EAST 72 STREET"
"37376","POINT (993752.8818981395 220332.06214388838)","Manhattan","MADISON AVENUE"
"37411","POINT (993255.8524091482 225671.53215665283)","Manhattan","WEST DRIVE"
"37425","POINT (993960.240111501 227580.09479715186)","Manhattan","CENTRAL PARK WEST"
"37427","POINT (993310.6585643171 228263.31010486642)","Manhattan","COLUMBUS AVENUE"
"37438","POINT (994152.667960589 221052.84883642962)","Manhattan","MADISON AVENUE"
"37449","POINT (995048.6474941673 220560.3058868294)","Manhattan","LEXINGTON AVENUE"
"37470","POINT (994516.9256161919 222239.0157962236)","Manhattan","EAST 79 STREET"
"37488","POINT (995165.9723143644 223414.78495006007)","Manhattan","EAST 84 STREET"
"37494","POINT (994097.6330097755 227828.0376666762)","Manhattan","CENTRAL PARK WEST"
"37546","POINT (995858.6283560585 221494.0050929045)","Manhattan","EAST 79 STREET"
"37570","POINT (995460.3829317035 223412.86029044978)","Manhattan","MADISON AVENUE"
"37572","POINT (995588.6841594811 223644.80842708517)","Manhattan","MADISON AVENUE"
"37572","POINT (995588.8172820965 223645.04997937215)","Manhattan","MADISON AVENUE"
"37581","POINT (995281.0397224073 224134.90507532627)","Manhattan","5 AVENUE"
"37629","POINT (996402.9123618256 221191.77527064816)","Manhattan","EAST 79 STREET"
"37635","POINT (997039.5490362087 220839.48627341405)","Manhattan","EAST 79 STREET"
"37663","POINT (996761.5265072242 223155.01957226213)","Manhattan","EAST 86 STREET"
"37668","POINT (997312.9983310274 222849.04182310565)","Manhattan","EAST 86 STREET"
"37697","POINT (996875.7730241903 225967.10144537358)","Manhattan","MADISON AVENUE"
"37697","POINT (996906.0916774316 226021.82343368357)","Manhattan","MADISON AVENUE"
"37705","POINT (996458.2448650729 226267.41396290917)","Manhattan","5 AVENUE"
"37706","POINT (996536.4604188664 226410.6158915662)","Manhattan","5 AVENUE"
"37706","POINT (996564.7483998919 226461.08971650674)","Manhattan","5 AVENUE"
"37707","POINT (996580.2105868092 226291.1145389174)","Manhattan","EAST 96 STREET"
"37707","POINT (996839.196234017 226146.19603526255)","Manhattan","EAST 96 STREET"
"37708","POINT (996477.9673178795 226668.52562395736)","Manhattan","97 ST TRANSVERSE"
"37709","POINT (996675.0735874681 226656.78266914628)","Manhattan","5 AVENUE"
"37710","POINT (996692.1811526304 226549.59978386026)","Manhattan","EAST 97 STREET"
"37714","POINT (997048.0216700043 226278.0452083892)","Manhattan","MADISON AVENUE"
"37758","POINT (997938.2348418448 222502.23943066064)","Manhattan","EAST 86 STREET"
"37801","POINT (997122.2641695531 226411.95122653057)","Manhattan","MADISON AVENUE"
"37869","POINT (998569.8241471174 222153.06351750068)","Manhattan","EAST 86 STREET"
"37910","POINT (998286.5978907353 226403.2912201917)","Manhattan","LEXINGTON AVENUE"
"38143","POINT (992886.7682613026 231217.76911442121)","Manhattan","WEST END AVENUE"
"38145","POINT (993015.2503910139 231469.55324032286)","Manhattan","WEST END AVENUE"
"38168","POINT (993674.9 230776.6)","Manhattan","AMSTERDAM AV"
"38269","POINT (994576.4655499131 235495.8946570035)","Manhattan","RIVERSIDE DRIVE"
"38322","POINT (995751.8739679978 230813.1654855575)","Manhattan","CENTRAL PARK WEST"
"38338","POINT (995595.8891644868 231067.27669039767)","Manhattan","CATHEDRAL PARKWAY"
"38341","POINT (995921.1739067904 231116.28094214466)","Manhattan","FREDERICK DOUGLASS BOULEVARD"
"38369","POINT (996026.4879882106 234013.8520391726)","Manhattan","MORNINGSIDE DRIVE"
"38456","POINT (996546.885255599 230475.16274199734)","Manhattan","CENTRAL PARK POWELL BLVD APPR"
"38634","POINT (997420.1686397705 234317.95347901346)","Manhattan","WEST 124 STREET"
"38638","POINT (997693.3755417113 234809.06312186294)","Manhattan","WEST 126 STREET"
"38809","POINT (999462.7823119814 230635.75270750813)","Manhattan","MADISON AVENUE"
"38839","POINT (999475.0958985416 232731.68177502864)","Manhattan","MT MORRIS PARK WEST"
"39634","POINT (1000784.3672672148 150889.39901661564)","Brooklyn","SHORE BOULEVARD"
"39636","POINT (1000912.7774692497 150892.01147719537)","Brooklyn","SHORE BOULEVARD"
"40611","POINT (1000252.1211989962 164257.2377718357)","Brooklyn","AVENUE N"
"40724","POINT (1001878.366799625 162259.68412078344)","Brooklyn","AVENUE R"
"40727","POINT (1001921.5862309353 162296.36373068692)","Brooklyn","AVENUE R"
"40918","POINT (1002811.3426252716 167358.214036786)","Brooklyn","KINGS HIGHWAY"
"40927","POINT (1002717.6825480211 167399.9687901179)","Brooklyn","TROY AVENUE"
"41159","POINT (1005047.3728590434 168039.31463762964)","Brooklyn","FLATLANDS AVENUE"
"41167","POINT (1005029.4416668781 168205.6164939213)","Brooklyn","AVENUE J"
"41264","POINT (1005096.923144958 168005.37265409224)","Brooklyn","EAST 53 STREET"
"41271","POINT (1005389.1238713324 168234.5784613385)","Brooklyn","AVENUE J"
"41273","POINT (1005403.958964211 168340.43518315387)","Brooklyn","FLATLANDS AVENUE"
"41282","POINT (1005076.5679551825 168258.62907179585)","Brooklyn","EAST 53 STREET"
"41284","POINT (1005337.0741946674 168381.26196765044)","Brooklyn","EAST 54 STREET"
"41338","POINT (1006906.9802567376 164979.02211152806)","Brooklyn","AVENUE N"
"41344","POINT (1006976.3715570859 164984.80555555565)","Brooklyn","AVENUE N"
"41351","POINT (1006937.1392623241 165025.65163772978)","Brooklyn","EAST 59 STREET"
"41370","POINT (1006270.3801326676 169082.17675350618)","Brooklyn","FLATLANDS AVENUE"
"41373","POINT (1006408.7238427468 168273.74504677072)","Brooklyn","EAST 58 STREET"
"41387","POINT (1006407.423333044 169199.76434531627)","Brooklyn","FLATLANDS AVENUE"
"41387","POINT (1006549.9254520293 169321.0576168466)","Brooklyn","FLATLANDS AVENUE"
"41389","POINT (1006643.001394902 169399.31848239477)","Brooklyn","FLATLANDS AVENUE"
"41389","POINT (1006769.2327794181 169504.7638088909)","Brooklyn","FLATLANDS AVENUE"
"41390","POINT (1006573.8289875516 169448.88416137616)","Brooklyn","EAST 59 STREET"
"41393","POINT (1006933.0346532091 169642.97676804732)","Brooklyn","FLATLANDS AVENUE"
"41422","POINT (1007902.4614972792 163364.69739510384)","Brooklyn","EAST 61 STREET"
"41424","POINT (1007910.707823616 163294.7208916729)","Brooklyn","AVENUE U"
"41425","POINT (1007964.9918536054 163340.73596694233)","Brooklyn","AVENUE U"
"41446","POINT (1007154.7399614013 165796.39959294288)","Brooklyn","RALPH AVENUE"
"41466","POINT (1007134.4649589916 166039.47949746702)","Brooklyn","RALPH AVENUE"
"41468","POINT (1007091.5402591771 166553.90866890375)","Brooklyn","RALPH AVENUE"
"41788","POINT (1000679.9975579408 178899.43171730862)","Brooklyn","WINTHROP STREET"
"41802","POINT (1001353.7653453208 170477.7234724783)","Brooklyn","GLENWOOD ROAD"
"41804","POINT (1001435.3840246287 170484.4069525096)","Brooklyn","GLENWOOD ROAD"
"41811","POINT (1001387.8711101237 170534.4265838961)","Brooklyn","EAST 40 STREET"
"42163","POINT (1004356.1140547827 173271.93907967536)","Brooklyn","AVENUE D"
"42165","POINT (1004439.452089949 173278.86014884914)","Brooklyn","AVENUE D"
"42180","POINT (1004389.333926168 173327.93023082413)","Brooklyn","EAST 52 STREET"
"42359","POINT (1005404.3248456735 178200.93902133332)","Brooklyn","LENOX ROAD"
"42362","POINT (1005475.8297423294 178272.84480355398)","Brooklyn","REMSEN AVENUE"
"42364","POINT (1005572.0439092246 178161.6577052443)","Brooklyn","REMSEN AVENUE"
"42424","POINT (1006528.7763413964 174015.77458370008)","Brooklyn","CANARSIE LANE"
"42424","POINT (1006635.0252963247 173980.35467659318)","Brooklyn","CANARSIE LANE"
"42441","POINT (1006471.2497750724 174094.16781298537)","Brooklyn","RALPH AVENUE"
"42443","POINT (1006586.7209808894 174096.20664316474)","Brooklyn","EAST 83 STREET"
"42446","POINT (1006517.3539976634 174293.39077469707)","Brooklyn","DITMAS AVENUE"
"42660","POINT (1008247.1771819785 170759.708362215)","Brooklyn","FLATLANDS AVENUE"
"42663","POINT (1008413.3597373624 170900.90501522753)","Brooklyn","FLATLANDS AVENUE"
"42701","POINT (1008989.5074333483 173254.9349410792)","Brooklyn","FARRAGUT ROAD"
"42703","POINT (1008985.8911068586 173310.47005183992)","Brooklyn","EAST 88 STREET"
"42841","POINT (1009045.0239950096 173302.16717222723)","Brooklyn","FARRAGUT ROAD"
"42985","POINT (1000319.9535958968 183650.8702972345)","Brooklyn","KINGSTON AVENUE"
"43079","POINT (1002518.9831804954 183349.25837356228)","Brooklyn","LINCOLN PLACE"
"43126","POINT (1001447.1585970412 188025.69956879303)","Brooklyn","MARCUS GARVEY BOULEVARD"
"43165","POINT (1002619.4206428932 183413.91188859858)","Brooklyn","SCHENECTADY AVENUE"
"43179","POINT (1002733.7932429842 185022.3480717138)","Brooklyn","SCHENECTADY AVENUE"
"43218","POINT (1002259.0170157366 188141.07881636842)","Brooklyn","LEWIS AVENUE"
"43550","POINT (1005815.6578507858 189388.12533457062)","Brooklyn","JEFFERSON AVENUE"
"43556","POINT (1005861.1589004266 189122.0031843199)","Brooklyn","HANCOCK STREET"
"43607","POINT (1006768.6630566316 182951.77055913422)","Brooklyn","EAST NEW YORK AVENUE"
"43937","POINT (1009117.4630251547 187984.7946305005)","Brooklyn","CHAUNCEY STREET"
"43940","POINT (1008851.4957073443 187256.69145182552)","Brooklyn","ROCKAWAY AVENUE"
"43952","POINT (1009149.390725066 188042.27574615643)","Brooklyn","BROADWAY"
"43956","POINT (1008227.5120706931 189537.53346218876)","Brooklyn","BUSHWICK AVENUE"
"44001","POINT (1009578.8246936011 182905.76763347196)","Brooklyn","BELMONT AVENUE"
"44075","POINT (1009234.4546969732 187977.9013723129)","Brooklyn","BROADWAY"
"44135","POINT (1000239.1968375673 195058.02476224673)","Brooklyn","GRAHAM AVENUE"
"44163","POINT (1000068.9799916744 196408.10982824766)","Brooklyn","GRAHAM AVENUE"
"44165","POINT (1000055.8692639908 196510.8567037046)","Brooklyn","GRAHAM AVENUE"
"44168","POINT (1000199.31842602 196735.26502359737)","Brooklyn","JOHNSON AVENUE"
"44195","POINT (1000248.302392595 198751.67534007624)","Brooklyn","HUMBOLDT STREET"
"44195","POINT (1000259.3072361138 198664.99524076754)","Brooklyn","HUMBOLDT STREET"
"44285","POINT (1001971.5559193803 193177.3056728168)","Brooklyn","MYRTLE AVENUE"
"44291","POINT (1002107.032126931 193287.8719517682)","Brooklyn","BROADWAY"
"44353","POINT (1002233.6902990713 199155.2739338874)","Brooklyn","GRAND STREET"
"44399","POINT (1002278.1992634612 193163.34518039552)","Brooklyn","BROADWAY"
"44400","POINT (1002345.9866909668 193233.250650079)","Brooklyn","MYRTLE AVENUE"
"44404","POINT (1002454.7308887108 193753.71458054252)","Brooklyn","BUSHWICK AVENUE"
"44476","POINT (1002699.367631002 198078.70947835638)","Brooklyn","MORGAN AVENUE"
"44487","POINT (1002353.5809685722 199095.88614007726)","Brooklyn","MORGAN AVENUE"
"44497","POINT (1002304.0416481454 199243.14797957282)","Brooklyn","MORGAN AVENUE"
"44504","POINT (1002668.1290846632 199650.9323460327)","Brooklyn","VANDERVOORT AVENUE"
"44521","POINT (1003835.8960672447 191545.84286989566)","Brooklyn","LAFAYETTE AVENUE"
"44554","POINT (1003639.5502790936 193423.10429535885)","Brooklyn","MYRTLE AVENUE"
"44564","POINT (1003903.493478888 193387.2170005408)","Brooklyn","EVERGREEN AVENUE"
"44565","POINT (1004013.6526686844 193479.2272810294)","Brooklyn","MYRTLE AVENUE"
"44643","POINT (1003315.7708086771 199519.25586449858)","Brooklyn","METROPOLITAN AVENUE BRIDGE"
"44643","POINT (1003346.0514047786 199529.9137931236)","Brooklyn","METROPOLITAN AVENUE BRIDGE"
"44695","POINT (1004679.7293064623 193252.62043424198)","Brooklyn","DEKALB AVENUE"
"44714","POINT (1004863.2581044895 193601.79476312594)","Brooklyn","MYRTLE AVENUE"
"44717","POINT (1004919.9905262288 193678.36661485615)","Brooklyn","CENTRAL AVENUE"
"44738","POINT (1004503.7047335686 195627.1305128949)","Brooklyn","JEFFERSON STREET"
"44742","POINT (1004554.3605970219 195624.30125201194)","Brooklyn","KNICKERBOCKER AVENUE"
"44747","POINT (1005183.4853683594 195668.94904783112)","Brooklyn","STARR STREET"
"44834","POINT (1005514.8665669152 191557.34515327174)","Brooklyn","BUSHWICK AVENUE"
"44864","POINT (1005833.9478506303 193735.9734937259)","Brooklyn","MYRTLE AVENUE"
"44865","POINT (1005813.2746191958 193848.5594401243)","Brooklyn","WILSON AVENUE"
"44866","POINT (1005806.6272494999 193893.37932846448)","Brooklyn","STANHOPE STREET"
"44875","POINT (1005482.7687918725 194094.68878109238)","Brooklyn","WILSON AVENUE"
"44878","POINT (1005960.1456778983 194534.6750407047)","Brooklyn","STOCKHOLM STREET"
"44882","POINT (1005984.773797271 195002.53105343602)","Brooklyn","DEKALB AVENUE"
"44883","POINT (1006014.0273922173 194535.72497785965)","Brooklyn","KNICKERBOCKER AVENUE"
"44886","POINT (1005457.4112236479 194950.80049602324)","Brooklyn","KNICKERBOCKER AVENUE"
"44892","POINT (1005885.6835396095 195530.29994659402)","Brooklyn","IRVING AVENUE"
"44910","POINT (1005304.2750006802 197043.67321543797)","Brooklyn","FLUSHING AVENUE"
"44999","POINT (1006144.3270976936 193778.71976303178)","Brooklyn","MYRTLE AVENUE"
"45010","POINT (1006810.1283663255 193870.79539894336)","Brooklyn","MYRTLE AVENUE"
"45014","POINT (1007025.1081107962 194222.3893799883)","Brooklyn","GREENE AVENUE"
"45015","POINT (1006913.89428353 193861.26810010546)","Brooklyn","KNICKERBOCKER AVENUE"
"45016","POINT (1006960.9371535332 193891.51026182002)","Brooklyn","MYRTLE AVENUE"
"45017","POINT (1006258.0414727915 194353.53572232605)","Brooklyn","KNICKERBOCKER AVENUE"
"45020","POINT (1006632.2718817327 194564.85952089308)","Brooklyn","HIMROD STREET"
"45022","POINT (1006859.554926578 194434.31965790718)","Brooklyn","HARMAN STREET"
"45023","POINT (1006722.7353264422 194905.92478053583)","Brooklyn","IRVING AVENUE"
"45028","POINT (1006426.2865351386 195594.13241157864)","Brooklyn","DEKALB AVENUE"
"45031","POINT (1006749.0356128389 195800.77794606125)","Brooklyn","WYCKOFF AVENUE"
"45052","POINT (1007114.0765622778 196492.96821998927)","Brooklyn","DEKALB AVENUE"
"45069","POINT (1006347.6386141622 198324.09700198314)","Queens","FLUSHING AVENUE"
"45120","POINT (1007047.7192600021 193815.8477990314)","Brooklyn","BLEECKER STREET"
"45121","POINT (1007048.9600596023 193763.73666197172)","Brooklyn","KNICKERBOCKER AVENUE"
"45122","POINT (1007288.8878867833 193936.07275383256)","Brooklyn","MYRTLE AVENUE"
"45124","POINT (1007253.2830181875 193611.63276421704)","Brooklyn","KNICKERBOCKER AVENUE"
"45132","POINT (1007970.6099815288 193075.82165276515)","Brooklyn","KNICKERBOCKER AVENUE"
"45143","POINT (1007876.2686371192 194017.47480965313)","Brooklyn","MYRTLE AVENUE"
"45144","POINT (1007888.490398333 194036.05423851966)","Brooklyn","IRVING AVENUE"
"45149","POINT (1007954.0468894201 194028.1270317818)","Brooklyn","MYRTLE AVENUE"
"45150","POINT (1007144.5466817706 195477.45839828774)","Brooklyn","WYCKOFF AVENUE"
"45154","POINT (1007471.3888420634 195897.265098238)","Brooklyn","ST NICHOLAS AVENUE"
"45165","POINT (1008141.5976277646 195695.3451587713)","Brooklyn","GREENE AVENUE"
"45171","POINT (1007425.539004427 196893.84837379146)","Queens","DE KALB AVENUE"
"45174","POINT (1007768.8518249106 196293.84719427268)","Queens","CYPRESS AVENUE"
"45180","POINT (1008064.764270554 196722.6616952713)","Queens","SENECA AVENUE"
"45180","POINT (1008119.6168595378 196680.08928849394)","Queens","SENECA AVENUE"
"45231","POINT (1008393.8918834915 191921.00881733818)","Brooklyn","WILSON AVENUE"
"45239","POINT (1009304.8167728023 192924.33098841936)","Brooklyn","CORNELIA STREET"
"45241","POINT (1008474.2378723337 193551.14653456397)","Brooklyn","PALMETTO STREET"
"45244","POINT (1008386.5759642697 193664.82928675978)","Brooklyn","IRVING AVENUE"
"45244","POINT (1008464.3919393044 193606.76502862704)","Brooklyn","IRVING AVENUE"
"45262","POINT (1008650.6014892053 194652.3182249441)","Brooklyn","LINDEN STREET"
"45264","POINT (1008810.8340088262 194136.85191316617)","Brooklyn","MYRTLE AVENUE"
"45265","POINT (1008832.8468402964 194206.33489490885)","Queens","WYCKOFF AVENUE"
"45269","POINT (1008991.7092290099 194092.6295739428)","Queens","WYCKOFF AVENUE"
"45270","POINT (1008991.564777603 194241.87291852073)","Queens","PALMETTO STREET"
"45271","POINT (1009063.4243486105 194175.34204823922)","Queens","MYRTLE AVENUE"
"45322","POINT (1008127.744042692 199656.92516162357)","Queens","FLUSHING AVENUE"
"45360","POINT (1009602.7427259949 191858.16690045196)","Brooklyn","KNICKERBOCKER AVENUE"
"45362","POINT (1009832.9216822267 191686.63916073946)","Brooklyn","KNICKERBOCKER AVENUE"
"45367","POINT (1009328.3764764309 192521.238591039)","Brooklyn","JEFFERSON AVENUE"
"45369","POINT (1009540.2977923654 192369.76984280292)","Brooklyn","HANCOCK STREET"
"45376","POINT (1010085.2396103474 192397.0191570959)","Brooklyn","IRVING AVENUE"
"45380","POINT (1009300.9140824452 192982.56601080633)","Brooklyn","IRVING AVENUE"
"45387","POINT (1009687.466827992 193437.10290048202)","Brooklyn","CORNELIA STREET"
"45388","POINT (1009650.961878903 193604.07735042804)","Queens","WYCKOFF AVENUE"
"45396","POINT (1010055.8275365048 193303.77921450092)","Queens","WYCKOFF AVENUE"
"45402","POINT (1009455.4728813325 194243.416588088)","Queens","MYRTLE AVENUE"
"45403","POINT (1009505.0266926682 194314.6482051226)","Queens","ST NICHOLAS AVENUE"
"45405","POINT (1009603.1383350252 194265.1308843546)","Queens","MYRTLE AVENUE"
"45405","POINT (1009609.6918547733 194266.072207696)","Queens","MYRTLE AVENUE"
"45497","POINT (1009893.9115126095 199048.92037907534)","Queens","METROPOLITAN AVENUE"
"46223","POINT (1010263.4542856888 172475.97211236216)","Brooklyn","FLATLANDS AVENUE"
"46224","POINT (1010244.2257851999 172664.27674894087)","Brooklyn","REMSEN AVENUE"
"46227","POINT (1010465.5655708928 172646.9468905808)","Brooklyn","FLATLANDS AVENUE"
"46273","POINT (1010480.2267992608 175360.57578526798)","Brooklyn","ROCKAWAY PARKWAY"
"46278","POINT (1010552.3403110867 175403.87168288807)","Brooklyn","ROCKAWAY AVENUE"
"46349","POINT (1012125.4398712225 170450.9357945675)","Brooklyn","REMSEN AVENUE"
"46364","POINT (1012439.5529210855 171316.2606403213)","Brooklyn","EAST 93 STREET"
"46365","POINT (1012139.6319442232 172006.18371889088)","Brooklyn","AVENUE K"
"46367","POINT (1011216.6515651735 172247.87254388348)","Brooklyn","AVENUE J"
"46370","POINT (1011261.7553976322 172245.9301238489)","Brooklyn","EAST 92 STREET"
"46371","POINT (1011279.4551709532 172301.3356039677)","Brooklyn","AVENUE J"
"46383","POINT (1012315.5423300145 172265.2483633423)","Brooklyn","EAST 95 STREET"
"46390","POINT (1011513.2122065217 173537.31178279253)","Brooklyn","FLATLANDS AVENUE"
"46393","POINT (1011692.4329842838 173492.39447219792)","Brooklyn","EAST 96 STREET"
"46394","POINT (1011710.8213193413 173705.46861458442)","Brooklyn","FLATLANDS AVENUE"
"46397","POINT (1011919.2591176244 173672.16657487582)","Brooklyn","ROCKAWAY PARKWAY"
"46398","POINT (1011894.0403656225 173861.23604694346)","Brooklyn","FLATLANDS AVENUE"
"46402","POINT (1011312.1523206702 174386.69060180846)","Brooklyn","ROCKAWAY PARKWAY"
"46404","POINT (1011307.3585259165 174287.8502807255)","Brooklyn","GLENWOOD ROAD"
"46407","POINT (1011425.5582468155 174253.22346376523)","Brooklyn","ROCKAWAY PARKWAY"
"46412","POINT (1011742.2223394418 173880.81056583955)","Brooklyn","ROCKAWAY PARKWAY"
"46472","POINT (1012266.980828474 171093.8708538112)","Brooklyn","AVENUE L"
"46486","POINT (1012340.1337792948 171084.29083869932)","Brooklyn","EAST 92 STREET"
"46487","POINT (1012338.009093526 171154.51120139775)","Brooklyn","AVENUE L"
"46487","POINT (1012453.6678543511 171253.61174538612)","Brooklyn","AVENUE L"
"46489","POINT (1012503.6146174852 171296.0555961779)","Brooklyn","AVENUE L"
"46496","POINT (1012208.6761696506 171989.5271974132)","Brooklyn","EAST 94 STREET"
"46497","POINT (1012208.9504026689 172065.06189549333)","Brooklyn","AVENUE K"
"46497","POINT (1012332.0863372072 172170.4251547261)","Brooklyn","AVENUE K"
"46499","POINT (1012414.5481060278 172240.89406259265)","Brooklyn","AVENUE K"
"46513","POINT (1012538.501490286 173438.08291684242)","Brooklyn","EAST 98 STREET"
"46518","POINT (1012604.3940996416 173428.05665270128)","Brooklyn","AVENUE J"
"46532","POINT (1012829.9242561567 174656.4312934213)","Brooklyn","FLATLANDS AVENUE"
"46534","POINT (1012888.3181431514 174706.0958242925)","Brooklyn","FLATLANDS AVENUE"
"46534","POINT (1013001.1254044507 174802.25598965352)","Brooklyn","FLATLANDS AVENUE"
"46587","POINT (1012540.5473771315 179617.42839643414)","Brooklyn","NEW LOTS AVENUE"
"46612","POINT (1013219.3783286249 171903.6700559888)","Brooklyn","AVENUE L"
"46619","POINT (1013123.2017011505 172257.0247803953)","Brooklyn","ROCKAWAY PARKWAY"
"46624","POINT (1013606.412277603 171688.58374827713)","Brooklyn","ROCKAWAY PARKWAY"
"46625","POINT (1013467.6879502975 172114.61664400442)","Brooklyn","AVENUE L"
"46643","POINT (1013541.8723764623 174225.13865867545)","Brooklyn","AVENUE J"
"46644","POINT (1013615.0141387492 174287.37805912874)","Brooklyn","AVENUE J"
"46666","POINT (1013669.3313076665 177935.91602252994)","Brooklyn","STANLEY AVENUE"
"46824","POINT (1015583.9793949713 172729.43825126887)","Brooklyn","EAST 105 STREET"
"46985","POINT (1017930.262481509 175834.48292181265)","Brooklyn","SCHROEDERS AVENUE"
"47261","POINT (1011258.514916098 182178.75474620346)","Brooklyn","BLAKE AVENUE"
"47311","POINT (1011791.0703740867 184766.5129667026)","Brooklyn","LIBERTY AVENUE"
"47393","POINT (1012147.1697072588 182934.7336228165)","Brooklyn","SUTTER AVENUE"
"47443","POINT (1012349.3147655625 185941.29279705408)","Brooklyn","FULTON STREET"
"47447","POINT (1012695.3589561711 186006.16038246805)","Brooklyn","FULTON STREET"
"47466","POINT (1012583.9525636601 186388.89138619654)","Brooklyn","BUSHWICK AVENUE"
"47472","POINT (1012698.6752508957 186309.87643783874)","Brooklyn","PENNSYLVANIA AVENUE"
"47473","POINT (1012749.3265883699 186404.7802224403)","Brooklyn","JAMAICA AVENUE"
"47568","POINT (1013711.4712828364 183955.61518453195)","Brooklyn","VERMONT STREET"
"47800","POINT (1015994.2614367781 180978.7343416307)","Brooklyn","SCHENCK AVENUE"
"47940","POINT (1016999.6445211867 181250.77822098875)","Brooklyn","HEGEMAN AVENUE"
"48003","POINT (1016806.7071562205 184871.25349806802)","Brooklyn","LINWOOD STREET"
"48074","POINT (1017061.7829492541 181286.13223808887)","Brooklyn","HEGEMAN AVENUE"
"48499","POINT (1010992.0586926615 191268.57234465424)","Brooklyn","COOPER STREET"
"48507","POINT (1010783.4121159804 191425.05953092824)","Brooklyn","DECATUR STREET"
"48514","POINT (1010248.0132546212 192274.5679092368)","Brooklyn","IRVING AVENUE"
"48517","POINT (1010357.6750273133 193030.40508461583)","Brooklyn","WEIRFIELD STREET"
"48534","POINT (1010109.8824061626 193263.62346544827)","Queens","WYCKOFF AVENUE"
"48535","POINT (1010110.9867341407 193326.21681777493)","Queens","HANCOCK STREET"
"48537","POINT (1010344.8376729224 193089.07521702052)","Queens","WYCKOFF AVENUE"
"48539","POINT (1010409.782954828 193041.24734751656)","Queens","WYCKOFF AVENUE"
"48545","POINT (1010170.2064804722 194350.68977787773)","Queens","MYRTLE AVENUE"
"48546","POINT (1010199.0223386438 194408.573831494)","Queens","CYPRESS AVENUE"
"48546","POINT (1010215.0753969433 194395.8969138545)","Queens","CYPRESS AVENUE"
"48549","POINT (1010326.7133832527 194374.48617271593)","Queens","MYRTLE AVENUE"
"48558","POINT (1010938.0588895896 194441.04488706365)","Queens","HANCOCK STREET"
"48560","POINT (1010923.870963116 194463.73637544818)","Queens","MYRTLE AVENUE"
"48563","POINT (1010925.083675101 194497.33109949916)","Queens","SENECA AVENUE"
"48565","POINT (1010992.6637653621 194444.30860491)","Queens","SENECA AVENUE"
"48566","POINT (1010995.7462016426 194472.16658626052)","Queens","MYRTLE AVENUE"
"48567","POINT (1010088.9451530521 195152.55676668682)","Queens","SENECA AVENUE"
"48567","POINT (1010167.9077712102 195091.1335670351)","Queens","SENECA AVENUE"
"48625","POINT (1010499.0624789 198417.68460080234)","Queens","FOREST AVENUE"
"48664","POINT (1011285.9710971063 191659.93927336862)","Queens","COOPER AVENUE"
"48672","POINT (1011920.8879525323 191914.78970342074)","Queens","COOPER AVENUE"
"48672","POINT (1011921.6309808996 191915.01247171065)","Queens","COOPER AVENUE"
"48687","POINT (1011800.0943008623 191956.48774098224)","Queens","WYCKOFF AVENUE"
"48687","POINT (1011825.5944568285 191935.41781705385)","Queens","WYCKOFF AVENUE"
"48689","POINT (1011073.0258128782 193730.8029295392)","Queens","CYPRESS AVENUE"
"48689","POINT (1011171.7975369936 193654.17351012927)","Queens","CYPRESS AVENUE"
"48694","POINT (1011468.3390630883 193476.3029205688)","Queens","STEPHEN STREET"
"48710","POINT (1011385.3474988173 194147.2425750728)","Queens","SENECA AVENUE"
"48710","POINT (1011481.4392102098 194072.86534421035)","Queens","SENECA AVENUE"
"48810","POINT (1011700.5644881071 199418.44599590712)","Queens","FRESH POND ROAD"
"48919","POINT (1012460.7572010139 197508.18431898515)","Queens","FRESH POND ROAD"
"48928","POINT (1012223.5739888293 197949.5677192627)","Queens","FRESH POND ROAD"
"48978","POINT (1013580.4691695771 192904.63844882668)","Queens","60 LANE"
"48985","POINT (1013513.2169530591 192973.21198213135)","Queens","60 LANE"
"49354","POINT (1017274.7626568028 198908.00664466995)","Queens","METROPOLITAN AVENUE"
"49490","POINT (1018930.821839618 195210.9896746721)","Queens","MYRTLE AVENUE"
"49505","POINT (1018507.7990613923 196091.04387592923)","Queens","73 PLACE"
"49635","POINT (1019985.1885223037 198543.87608921653)","Queens","80 STREET"
"50601","POINT (1020423.5964176344 181033.23282509568)","Brooklyn","WORTMAN AVENUE"
"50612","POINT (1020516.081640146 180948.73477832458)","Brooklyn","FOUNTAIN AVENUE"
"50613","POINT (1020501.9811506663 181062.07638878908)","Brooklyn","WORTMAN AVENUE"
"50660","POINT (1020847.2679981386 184621.411253928)","Brooklyn","SUTTER AVENUE"
"50705","POINT (1020727.2457392886 186499.36488160532)","Brooklyn","LIBERTY AVENUE"
"51223","POINT (1023937.1217671011 188429.64850780004)","Queens","ROCKAWAY BOULEVARD"
"51259","POINT (1024217.8141934638 181781.19264997056)","Queens","153 AVENUE"
"51315","POINT (1024905.8819960372 185381.8922536038)","Queens","SUTTER AVENUE"
"51334","POINT (1024190.0930010967 188346.20633324655)","Queens","ROCKAWAY BOULEVARD"
"51395","POINT (1025713.0084074878 182060.34958240928)","Queens","153 AVENUE"
"51399","POINT (1026313.9553633263 182194.98077704894)","Queens","153 AVENUE"
"51435","POINT (1025026.1680126655 185376.32619783268)","Queens","PITKIN AVENUE"
"51548","POINT (1026499.1686467219 182098.97445350894)","Queens","88 STREET"
"51549","POINT (1026472.8233611265 182346.65390551434)","Queens","88 STREET"
"51618","POINT (1026146.3310550472 187699.51102596315)","Queens","ROCKAWAY BOULEVARD"
"51734","POINT (1027615.4076373562 184360.71751611977)","Queens","REDDING STREET"
"51775","POINT (1027137.2393260158 187482.33771682004)","Queens","94 STREET"
"51777","POINT (1027235.2648218877 187245.7010295631)","Queens","94 STREET"
"51945","POINT (1029079.9887919698 184989.9482211242)","Queens","LINDEN BOULEVARD"
"51994","POINT (1028873.3364188375 187024.50512799135)","Queens","ROCKAWAY BOULEVARD"
"51998","POINT (1028999.327041964 187001.35518510293)","Queens","ROCKAWAY BOULEVARD"
"52124","POINT (1029353.4334683571 185090.66839030228)","Queens","LINDEN BOULEVARD"
"52188","POINT (1029763.6665421864 189663.42108895222)","Queens","101 AVENUE"
"52378","POINT (1021367.4056648102 198168.54652952208)","Queens","COOPER AVENUE"
"53198","POINT (1028067.8030213623 194696.45868004268)","Queens","PARK LANE SOUTH"
"53200","POINT (1028262.6674698119 194727.93555588907)","Queens","MYRTLE AVENUE"
"53201","POINT (1028261.9080206944 194827.795635564)","Queens","PARK LANE SOUTH"
"53349","POINT (1029271.8481874905 195744.55951494357)","Queens","PARK LANE SOUTH"
"53360","POINT (1029676.9955015325 195142.15220720522)","Queens","BESSEMER STREET"
"53362","POINT (1029376.036719442 196060.55465560473)","Queens","PARK LANE SOUTH"
"53370","POINT (1029851.5888953148 194975.99660245643)","Queens","115 STREET"
"53384","POINT (1029362.7039403864 197173.2655028439)","Queens","PARK LANE SOUTH"
"53836","POINT (1035759.7755988719 153439.49966168054)","Queens","ROCKAWAY FREEWAY"
"54665","POINT (1030325.0864206081 189875.31134139904)","Queens","101 AVENUE"
"54670","POINT (1030428.7010383833 189854.64404756224)","Queens","110 STREET"
"54671","POINT (1030447.8691003335 189920.5972811165)","Queens","101 AVENUE"
"55271","POINT (1036916.3906362295 182565.75861459586)","Queens","130 STREET"
"55611","POINT (1038785.3109567505 186861.04905750975)","Queens","VAN WYCK EXPRESSWAY SR EAST"
"55612","POINT (1038817.9192497119 186958.0298025329)","Queens","116 AVENUE"
"55892","POINT (1029989.9816089846 195037.99065367793)","Queens","BABBAGE STREET"
"55893","POINT (1029988.117799186 195102.04735216688)","Queens","85 AVENUE"
"55926","POINT (1030175.0362528682 197947.40910908583)","Queens","PARK LANE SOUTH"
"55938","POINT (1031114.9304835635 197569.46945288454)","Queens","GRENFELL STREET"
"55939","POINT (1030097.7383363803 198178.6301182964)","Queens","PARK LANE"
"56086","POINT (1031190.214488747 197453.1942548215)","Queens","LEFFERTS BOULEVARD"
"56092","POINT (1031231.7141772336 197555.36090876604)","Queens","LEFFERTS BOULEVARD"
"56138","POINT (1032657.6970749373 190289.2358184255)","Queens","LEFFERTS BOULEVARD"
"56882","POINT (1036257.0801036396 195239.77875905813)","Queens","JAMAICA AVENUE"
"56910","POINT (1036565.8672155302 196289.72065535656)","Queens","HILLSIDE AVENUE"
"56912","POINT (1036982.2812668715 196444.22904954108)","Queens","HILLSIDE AVENUE"
"56954","POINT (1037019.8636005807 198894.12350784836)","Queens","150 STREET"
"57005","POINT (1037277.6013485495 192485.37023173049)","Queens","101 AVENUE"
"57082","POINT (1037035.9029235045 196397.45877742482)","Queens","SUTPHIN BOULEVARD"
"57083","POINT (1037046.487120608 196468.52414241095)","Queens","HILLSIDE AVENUE"
"57133","POINT (1037720.8345769631 199432.0730498279)","Queens","PARSONS BOULEVARD"
"57269","POINT (1038874.0534042909 197158.0435903375)","Queens","HILLSIDE AVENUE"
"57284","POINT (1038903.4559013866 197232.87066816428)","Queens","PARSONS BOULEVARD"
"57286","POINT (1038946.7868812797 197133.21903517598)","Queens","PARSONS BOULEVARD"
"57287","POINT (1038983.1985669593 197199.12011053992)","Queens","HILLSIDE AVENUE"
"57438","POINT (1040043.2359961949 195343.00372041945)","Queens","ARCHER AVENUE"
"57466","POINT (1039841.7600054005 197519.89626992153)","Queens","HILLSIDE AVENUE"
"57467","POINT (1039931.6795327344 197554.91140752565)","Queens","HILLSIDE AVENUE"
"57468","POINT (1039926.7867919899 197464.55638244143)","Queens","163 STREET"
"57470","POINT (1040174.1495875008 197647.28730931677)","Queens","HILLSIDE AVENUE"
"58598","POINT (1049331.890579401 179800.10008401607)","Queens","147 AVENUE"
"58599","POINT (1049449.955157055 179776.1386872789)","Queens","147 AVENUE"
"58623","POINT (1041495.3398262971 181498.57775767293)","Queens","NASSAU EXPRESSWAY"
"58927","POINT (1042694.6064587674 182478.0117060295)","Queens","150 STREET"
"59033","POINT (1043490.2197884223 182400.34418568562)","Queens","NORTH CONDUIT AVENUE"
"59034","POINT (1043359.1297855886 182448.4068133)","Queens","BAISLEY BOULEVARD SOUTH"
"59057","POINT (1043569.0341953558 183600.40809464533)","Queens","BAISLEY BOULEVARD SOUTH"
"59237","POINT (1044503.6677697763 188487.0459776001)","Queens","GUY R BREWER BOULEVARD"
"59355","POINT (1045385.7257368852 186558.56922030088)","Queens","GUY R BREWER BOULEVARD"
